﻿Stationsnamn;Stationsnummer;Stationsnät;Mäthöjd (meter över marken)
Stockholm-Observatoriekullen;98210;SMHIs stationsnät;10.0

Parameternamn;Beskrivning;Enhet
Vindriktning;medelvärde 10 min, 1 gång/tim;grader
Vindhastighet;medelvärde 10 min, 1 gång/tim;meter per sekund

Tidsperiod (fr.o.m);Tidsperiod (t.o.m);Höjd (meter över havet);Latitud (decimalgrader);Longitud (decimalgrader)
1961-01-01 00:00:00;2019-10-31 23:59:59;43.133;59.3417;18.0549

Datum;Tid (UTC);Vindriktning;Kvalitet;Vindhastighet;Kvalitet;;Tidsutsnitt:
2013-01-01;06:00:00;200;G;5.0;G
2013-01-01;12:00:00;250;G;3.0;G
2013-01-01;18:00:00;250;G;3.0;G
2013-01-02;06:00:00;250;G;5.0;G
2013-01-02;12:00:00;250;G;5.0;G
2013-01-02;18:00:00;270;G;3.0;G
2013-01-03;06:00:00;230;G;3.0;G
2013-01-03;12:00:00;230;G;3.0;G
2013-01-03;18:00:00;290;G;5.0;G
2013-01-04;06:00:00;290;G;7.0;G
2013-01-04;12:00:00;320;G;5.0;G
2013-01-04;18:00:00;360;G;7.0;G
2013-01-05;06:00:00;360;G;5.0;G
2013-01-05;12:00:00;320;G;1.0;G
2013-01-05;18:00:00;270;G;1.0;G
2013-01-06;06:00:00;50;G;1.0;G
2013-01-06;12:00:00;50;G;1.0;G
2013-01-06;18:00:00;360;G;1.0;G
2013-01-07;06:00:00;230;G;1.0;G
2013-01-07;12:00:00;200;G;3.0;G
2013-01-07;18:00:00;200;G;1.0;G
2013-01-08;06:00:00;200;G;3.0;G
2013-01-08;12:00:00;270;G;3.0;G
2013-01-08;18:00:00;230;G;1.0;G
2013-01-09;06:00:00;250;G;3.0;G
2013-01-09;12:00:00;270;G;5.0;G
2013-01-09;18:00:00;360;G;3.0;G
2013-01-10;06:00:00;360;G;5.0;G
2013-01-10;12:00:00;20;G;5.0;G
2013-01-10;18:00:00;360;G;7.0;G
2013-01-11;06:00:00;50;G;5.0;G
2013-01-11;12:00:00;50;G;9.0;G
2013-01-11;18:00:00;50;G;7.0;G
2013-01-12;06:00:00;50;G;5.0;G
2013-01-12;12:00:00;360;G;5.0;G
2013-01-12;18:00:00;360;G;3.0;G
2013-01-13;06:00:00;360;G;3.0;G
2013-01-13;12:00:00;250;G;3.0;G
2013-01-13;18:00:00;250;G;5.0;G
2013-01-14;06:00:00;250;G;3.0;G
2013-01-14;12:00:00;270;G;3.0;G
2013-01-14;18:00:00;0;G;0.0;G
2013-01-15;06:00:00;50;G;5.0;G
2013-01-15;12:00:00;50;G;3.0;G
2013-01-15;18:00:00;90;G;3.0;G
2013-01-16;06:00:00;360;G;3.0;G
2013-01-16;12:00:00;360;Y;1.0;Y
2013-01-16;18:00:00;360;G;3.0;G
2013-01-17;06:00:00;20;Y;5.0;Y
2013-01-17;12:00:00;50;G;5.0;G
2013-01-17;18:00:00;360;G;5.0;G
2013-01-18;06:00:00;50;G;5.0;G
2013-01-18;12:00:00;360;G;5.0;G
2013-01-18;18:00:00;360;G;5.0;G
2013-01-19;06:00:00;310;G;1.0;G
2013-01-19;12:00:00;270;G;1.0;G
2013-01-19;18:00:00;270;G;3.0;G
2013-01-20;06:00:00;360;G;5.0;G
2013-01-20;12:00:00;20;G;5.0;G
2013-01-20;18:00:00;360;G;5.0;G
2013-01-21;06:00:00;70;G;5.0;G
2013-01-21;12:00:00;50;G;3.0;G
2013-01-21;18:00:00;50;G;1.0;G
2013-01-22;06:00:00;270;G;3.0;G
2013-01-22;12:00:00;270;G;3.0;G
2013-01-22;18:00:00;270;G;5.0;G
2013-01-23;06:00:00;270;G;1.0;G
2013-01-23;12:00:00;270;G;3.0;G
2013-01-23;18:00:00;270;G;1.0;G
2013-01-24;06:00:00;290;G;3.0;G
2013-01-24;12:00:00;320;G;3.0;G
2013-01-24;18:00:00;340;G;3.0;G
2013-01-25;06:00:00;250;G;3.0;G
2013-01-25;12:00:00;250;G;5.0;G
2013-01-25;18:00:00;230;G;3.0;G
2013-01-26;06:00:00;230;G;3.0;G
2013-01-26;12:00:00;200;G;5.0;G
2013-01-26;18:00:00;200;G;5.0;G
2013-01-27;06:00:00;250;G;5.0;G
2013-01-27;12:00:00;180;G;3.0;G
2013-01-27;18:00:00;230;G;5.0;G
2013-01-28;06:00:00;200;G;5.0;G
2013-01-28;12:00:00;200;G;5.0;G
2013-01-28;18:00:00;230;G;5.0;G
2013-01-29;06:00:00;180;G;3.0;G
2013-01-29;12:00:00;180;G;5.0;G
2013-01-29;18:00:00;160;G;5.0;G
2013-01-30;06:00:00;160;G;5.0;G
2013-01-30;12:00:00;200;G;5.0;G
2013-01-30;18:00:00;200;G;3.0;G
2013-01-31;06:00:00;180;G;5.0;G
2013-01-31;12:00:00;290;G;5.0;G
2013-01-31;18:00:00;320;G;5.0;G
2013-02-01;06:00:00;270;G;3.0;G
2013-02-01;12:00:00;250;G;5.0;G
2013-02-01;18:00:00;230;G;2.0;G
2013-02-02;06:00:00;250;G;3.0;G
2013-02-02;12:00:00;270;G;5.0;G
2013-02-02;18:00:00;320;G;3.0;G
2013-02-03;06:00:00;290;G;3.0;G
2013-02-03;12:00:00;230;G;1.0;G
2013-02-03;18:00:00;180;G;5.0;G
2013-02-04;06:00:00;180;G;5.0;G
2013-02-04;12:00:00;160;G;5.0;G
2013-02-04;18:00:00;160;G;5.0;G
2013-02-05;06:00:00;200;G;5.0;G
2013-02-05;12:00:00;230;G;3.0;G
2013-02-05;18:00:00;180;G;5.0;G
2013-02-06;06:00:00;20;G;1.0;G
2013-02-06;12:00:00;20;G;3.0;G
2013-02-06;18:00:00;20;G;3.0;G
2013-02-07;06:00:00;50;G;1.0;G
2013-02-07;12:00:00;50;G;1.0;G
2013-02-07;18:00:00;50;G;5.0;G
2013-02-08;06:00:00;50;G;5.0;G
2013-02-08;12:00:00;360;G;7.0;G
2013-02-08;18:00:00;360;Y;7.0;Y
2013-02-09;06:00:00;360;G;5.0;G
2013-02-09;12:00:00;340;G;5.0;G
2013-02-09;18:00:00;340;G;5.0;G
2013-02-10;06:00:00;340;G;3.0;G
2013-02-10;12:00:00;320;G;3.0;G
2013-02-10;18:00:00;320;G;5.0;G
2013-02-11;06:00:00;270;G;3.0;G
2013-02-11;12:00:00;270;G;3.0;G
2013-02-11;18:00:00;270;G;3.0;G
2013-02-12;06:00:00;360;G;3.0;G
2013-02-12;12:00:00;50;G;3.0;G
2013-02-12;18:00:00;50;G;5.0;G
2013-02-13;06:00:00;160;G;3.0;G
2013-02-13;12:00:00;140;G;3.0;G
2013-02-13;18:00:00;110;G;1.0;G
2013-02-14;06:00:00;140;G;3.0;G
2013-02-14;12:00:00;140;G;5.0;G
2013-02-14;18:00:00;140;G;1.0;G
2013-02-15;06:00:00;90;G;3.0;G
2013-02-15;12:00:00;90;G;1.0;G
2013-02-15;18:00:00;180;G;3.0;G
2013-02-16;06:00:00;230;G;3.0;G
2013-02-16;12:00:00;230;G;3.0;G
2013-02-16;18:00:00;270;G;1.0;G
2013-02-17;06:00:00;250;G;5.0;G
2013-02-17;12:00:00;250;G;5.0;G
2013-02-17;18:00:00;230;G;5.0;G
2013-02-18;06:00:00;270;G;5.0;G
2013-02-18;12:00:00;340;G;5.0;G
2013-02-18;18:00:00;360;G;5.0;G
2013-02-19;06:00:00;50;G;7.0;G
2013-02-19;12:00:00;20;G;5.0;G
2013-02-19;18:00:00;50;G;5.0;G
2013-02-20;06:00:00;50;G;2.0;G
2013-02-20;12:00:00;50;G;3.0;G
2013-02-20;18:00:00;50;Y;5.0;Y
2013-02-21;06:00:00;340;G;3.0;G
2013-02-21;12:00:00;360;G;1.0;G
2013-02-21;18:00:00;270;G;3.0;G
2013-02-22;06:00:00;270;G;3.0;G
2013-02-22;12:00:00;290;G;1.0;G
2013-02-22;18:00:00;290;G;1.0;G
2013-02-23;06:00:00;200;G;1.0;G
2013-02-23;12:00:00;180;G;1.0;G
2013-02-23;18:00:00;110;G;3.0;G
2013-02-24;06:00:00;20;G;1.0;G
2013-02-24;12:00:00;50;G;3.0;G
2013-02-24;18:00:00;50;G;3.0;G
2013-02-25;06:00:00;20;G;1.0;G
2013-02-25;12:00:00;20;G;1.0;G
2013-02-25;18:00:00;20;G;1.0;G
2013-02-26;06:00:00;250;G;3.0;G
2013-02-26;12:00:00;270;G;3.0;G
2013-02-26;18:00:00;270;G;5.0;G
2013-02-27;06:00:00;270;G;3.0;G
2013-02-27;12:00:00;270;G;3.0;G
2013-02-27;18:00:00;270;G;5.0;G
2013-02-28;06:00:00;270;G;5.0;G
2013-02-28;12:00:00;270;G;5.0;G
2013-02-28;18:00:00;270;G;7.0;G
2013-03-01;06:00:00;270;G;5.0;G
2013-03-01;12:00:00;340;G;5.0;G
2013-03-01;18:00:00;360;G;7.0;G
2013-03-02;06:00:00;180;G;5.0;G
2013-03-02;12:00:00;200;G;5.0;G
2013-03-02;18:00:00;270;G;5.0;G
2013-03-03;06:00:00;360;G;7.0;G
2013-03-03;12:00:00;360;G;9.0;G
2013-03-03;18:00:00;20;G;3.0;G
2013-03-04;06:00:00;200;G;5.0;G
2013-03-04;12:00:00;250;G;5.0;G
2013-03-04;18:00:00;250;G;3.0;G
2013-03-05;06:00:00;270;G;5.0;G
2013-03-05;12:00:00;230;G;3.0;G
2013-03-05;18:00:00;180;G;1.0;G
2013-03-06;06:00:00;270;G;5.0;G
2013-03-06;12:00:00;290;G;7.0;G
2013-03-06;18:00:00;340;G;5.0;G
2013-03-07;06:00:00;270;G;5.0;G
2013-03-07;12:00:00;360;G;1.0;G
2013-03-07;18:00:00;360;G;1.0;G
2013-03-08;06:00:00;0;G;0.0;G
2013-03-08;12:00:00;290;G;5.0;G
2013-03-08;18:00:00;50;G;5.0;G
2013-03-09;06:00:00;20;G;3.0;G
2013-03-09;12:00:00;90;G;3.0;G
2013-03-09;18:00:00;50;G;3.0;G
2013-03-10;06:00:00;360;G;3.0;G
2013-03-10;12:00:00;20;G;5.0;G
2013-03-10;18:00:00;90;G;1.0;G
2013-03-11;06:00:00;270;G;3.0;G
2013-03-11;12:00:00;270;G;3.0;G
2013-03-11;18:00:00;250;G;3.0;G
2013-03-12;06:00:00;230;G;3.0;G
2013-03-12;12:00:00;230;G;5.0;G
2013-03-12;18:00:00;270;G;3.0;G
2013-03-13;06:00:00;360;G;5.0;G
2013-03-13;12:00:00;20;G;5.0;G
2013-03-13;18:00:00;50;G;3.0;G
2013-03-14;06:00:00;270;G;5.0;G
2013-03-14;12:00:00;340;G;5.0;G
2013-03-14;18:00:00;320;G;3.0;G
2013-03-15;06:00:00;270;G;1.0;G
2013-03-15;12:00:00;290;G;3.0;G
2013-03-15;18:00:00;290;G;1.0;G
2013-03-16;06:00:00;250;G;3.0;G
2013-03-16;12:00:00;230;G;2.0;G
2013-03-16;18:00:00;230;G;3.0;G
2013-03-17;06:00:00;180;G;3.0;G
2013-03-17;12:00:00;160;G;5.0;G
2013-03-17;18:00:00;110;G;3.0;G
2013-03-18;06:00:00;90;G;3.0;G
2013-03-18;12:00:00;70;G;5.0;G
2013-03-18;18:00:00;50;G;5.0;G
2013-03-19;06:00:00;50;G;5.0;G
2013-03-19;12:00:00;70;G;7.0;G
2013-03-19;18:00:00;50;G;9.0;G
2013-03-20;06:00:00;20;G;5.0;G
2013-03-20;12:00:00;50;G;9.0;G
2013-03-20;18:00:00;360;G;3.0;G
2013-03-21;06:00:00;340;G;5.0;G
2013-03-21;12:00:00;50;G;3.0;G
2013-03-21;18:00:00;20;G;5.0;G
2013-03-22;06:00:00;20;G;5.0;G
2013-03-22;12:00:00;70;G;5.0;G
2013-03-22;18:00:00;360;G;3.0;G
2013-03-23;06:00:00;320;G;3.0;G
2013-03-23;12:00:00;340;G;5.0;G
2013-03-23;18:00:00;360;G;3.0;G
2013-03-24;06:00:00;360;G;3.0;G
2013-03-24;12:00:00;50;G;3.0;G
2013-03-24;18:00:00;20;G;1.0;G
2013-03-25;06:00:00;340;G;1.0;G
2013-03-25;12:00:00;360;G;3.0;G
2013-03-25;18:00:00;360;G;3.0;G
2013-03-26;06:00:00;360;G;1.0;G
2013-03-26;12:00:00;360;G;1.0;G
2013-03-26;18:00:00;90;G;1.0;G
2013-03-27;06:00:00;230;G;3.0;G
2013-03-27;12:00:00;250;G;3.0;G
2013-03-27;18:00:00;200;G;3.0;G
2013-03-28;06:00:00;230;G;3.0;G
2013-03-28;12:00:00;200;G;3.0;G
2013-03-28;18:00:00;180;G;3.0;G
2013-03-29;06:00:00;140;G;1.0;G
2013-03-29;12:00:00;90;G;5.0;G
2013-03-29;18:00:00;90;G;5.0;G
2013-03-30;06:00:00;360;G;5.0;G
2013-03-30;12:00:00;50;G;7.0;G
2013-03-30;18:00:00;360;G;5.0;G
2013-03-31;06:00:00;360;G;1.0;G
2013-03-31;12:00:00;360;G;1.0;G
2013-03-31;18:00:00;180;G;1.0;G
2013-04-01;06:00:00;180;G;1.0;G
2013-04-01;12:00:00;50;G;1.0;G
2013-04-01;18:00:00;0;Y;0.0;G
2013-04-02;06:00:00;320;G;3.0;G
2013-04-02;12:00:00;360;G;5.0;G
2013-04-02;18:00:00;20;G;3.0;G
2013-04-03;06:00:00;290;G;1.0;G
2013-04-03;12:00:00;320;G;1.0;G
2013-04-03;18:00:00;180;G;3.0;G
2013-04-04;06:00:00;180;G;1.0;G
2013-04-04;12:00:00;110;G;3.0;G
2013-04-04;18:00:00;140;G;3.0;G
2013-04-05;06:00:00;50;G;3.0;G
2013-04-05;12:00:00;360;G;3.0;G
2013-04-05;18:00:00;360;G;1.0;G
2013-04-06;06:00:00;340;G;1.0;G
2013-04-06;12:00:00;180;G;3.0;G
2013-04-06;18:00:00;180;G;5.0;G
2013-04-07;06:00:00;270;G;1.0;G
2013-04-07;12:00:00;290;G;5.0;G
2013-04-07;18:00:00;340;G;1.0;G
2013-04-08;06:00:00;320;G;5.0;G
2013-04-08;12:00:00;340;G;5.0;G
2013-04-08;18:00:00;360;G;3.0;G
2013-04-09;06:00:00;340;G;1.0;G
2013-04-09;12:00:00;110;G;3.0;G
2013-04-09;18:00:00;180;G;5.0;G
2013-04-10;06:00:00;90;G;1.0;G
2013-04-10;12:00:00;90;G;5.0;G
2013-04-10;18:00:00;90;G;3.0;G
2013-04-11;06:00:00;50;G;1.0;G
2013-04-11;12:00:00;140;G;5.0;G
2013-04-11;18:00:00;90;G;5.0;G
2013-04-12;06:00:00;50;G;3.0;G
2013-04-12;12:00:00;50;G;5.0;G
2013-04-12;18:00:00;70;G;3.0;G
2013-04-13;06:00:00;360;G;3.0;G
2013-04-13;12:00:00;270;G;5.0;G
2013-04-13;18:00:00;290;G;5.0;G
2013-04-14;06:00:00;250;G;3.0;G
2013-04-14;12:00:00;180;G;2.0;G
2013-04-14;18:00:00;180;G;5.0;G
2013-04-15;06:00:00;200;G;5.0;G
2013-04-15;12:00:00;180;G;5.0;G
2013-04-15;18:00:00;180;G;5.0;G
2013-04-16;06:00:00;230;G;1.0;G
2013-04-16;12:00:00;180;G;3.0;G
2013-04-16;18:00:00;180;G;5.0;G
2013-04-17;06:00:00;230;G;5.0;G
2013-04-17;12:00:00;230;G;9.0;G
2013-04-17;18:00:00;270;G;5.0;G
2013-04-18;06:00:00;200;G;7.0;G
2013-04-18;12:00:00;180;G;7.0;G
2013-04-18;18:00:00;250;G;4.0;G
2013-04-19;06:00:00;250;G;7.0;G
2013-04-19;12:00:00;250;G;5.0;G
2013-04-19;18:00:00;250;G;3.0;G
2013-04-20;06:00:00;340;G;5.0;G
2013-04-20;12:00:00;290;G;7.0;G
2013-04-20;18:00:00;290;G;3.0;G
2013-04-21;06:00:00;250;G;3.0;G
2013-04-21;12:00:00;200;G;5.0;G
2013-04-21;18:00:00;200;G;5.0;G
2013-04-22;06:00:00;160;G;5.0;G
2013-04-22;12:00:00;180;G;5.0;G
2013-04-22;18:00:00;160;G;5.0;G
2013-04-23;06:00:00;200;G;5.0;G
2013-04-23;12:00:00;250;G;7.0;G
2013-04-23;18:00:00;270;G;9.0;G
2013-04-24;06:00:00;270;G;7.0;G
2013-04-24;12:00:00;270;G;7.0;G
2013-04-24;18:00:00;250;G;7.0;G
2013-04-25;06:00:00;290;G;7.0;G
2013-04-25;12:00:00;290;G;7.0;G
2013-04-25;18:00:00;270;G;3.0;G
2013-04-26;06:00:00;250;G;3.0;G
2013-04-26;12:00:00;290;G;5.0;G
2013-04-26;18:00:00;340;G;5.0;G
2013-04-27;06:00:00;20;G;3.0;G
2013-04-27;12:00:00;360;G;3.0;G
2013-04-27;18:00:00;110;G;5.0;G
2013-04-28;06:00:00;160;G;3.0;G
2013-04-28;12:00:00;200;G;3.0;G
2013-04-28;18:00:00;160;G;7.0;G
2013-04-29;06:00:00;230;G;5.0;G
2013-04-29;12:00:00;140;G;5.0;G
2013-04-29;18:00:00;230;G;7.0;G
2013-04-30;06:00:00;250;G;5.0;G
2013-04-30;12:00:00;270;G;7.0;G
2013-04-30;18:00:00;250;G;5.0;G
2013-05-01;06:00:00;50;G;5.0;G
2013-05-01;12:00:00;160;G;5.0;G
2013-05-01;18:00:00;200;G;5.0;G
2013-05-02;06:00:00;340;G;3.0;G
2013-05-02;12:00:00;270;G;5.0;G
2013-05-02;18:00:00;270;G;7.0;G
2013-05-03;06:00:00;0;G;0.0;G
2013-05-03;12:00:00;230;G;3.0;G
2013-05-03;18:00:00;180;G;5.0;G
2013-05-04;06:00:00;230;G;5.0;G
2013-05-04;12:00:00;180;G;5.0;G
2013-05-04;18:00:00;180;Y;5.0;Y
2013-05-05;06:00:00;270;G;7.0;G
2013-05-05;12:00:00;320;G;7.0;G
2013-05-05;18:00:00;270;G;5.0;G
2013-05-06;06:00:00;250;G;5.0;G
2013-05-06;12:00:00;230;Y;5.0;Y
2013-05-06;18:00:00;200;G;5.0;G
2013-05-07;06:00:00;250;G;3.0;G
2013-05-07;12:00:00;270;G;7.0;G
2013-05-07;18:00:00;200;G;3.0;G
2013-05-08;06:00:00;230;G;1.0;G
2013-05-08;12:00:00;90;G;5.0;G
2013-05-08;18:00:00;90;G;5.0;G
2013-05-09;06:00:00;200;G;3.0;G
2013-05-09;12:00:00;270;G;3.0;G
2013-05-09;18:00:00;250;G;1.0;G
2013-05-10;06:00:00;290;G;5.0;G
2013-05-10;12:00:00;230;G;5.0;G
2013-05-10;18:00:00;290;G;3.0;G
2013-05-11;06:00:00;250;G;5.0;G
2013-05-11;12:00:00;290;G;5.0;G
2013-05-11;18:00:00;250;G;3.0;G
2013-05-12;06:00:00;140;G;1.0;G
2013-05-12;12:00:00;180;G;5.0;G
2013-05-12;18:00:00;160;G;5.0;G
2013-05-13;06:00:00;160;G;1.0;G
2013-05-13;12:00:00;230;G;3.0;G
2013-05-13;18:00:00;230;G;5.0;G
2013-05-14;06:00:00;200;G;5.0;G
2013-05-14;12:00:00;250;G;1.0;G
2013-05-14;18:00:00;200;G;3.0;G
2013-05-15;06:00:00;180;G;1.0;G
2013-05-15;12:00:00;140;G;3.0;G
2013-05-15;18:00:00;110;G;5.0;G
2013-05-16;06:00:00;140;G;3.0;G
2013-05-16;12:00:00;90;Y;3.0;Y
2013-05-16;18:00:00;50;G;3.0;G
2013-05-17;06:00:00;50;G;1.0;G
2013-05-17;12:00:00;50;G;1.0;G
2013-05-17;18:00:00;50;G;3.0;G
2013-05-18;06:00:00;50;G;5.0;G
2013-05-18;12:00:00;70;G;5.0;G
2013-05-18;18:00:00;50;G;1.0;G
2013-05-19;06:00:00;360;G;3.0;G
2013-05-19;12:00:00;70;G;3.0;G
2013-05-19;18:00:00;70;G;1.0;G
2013-05-20;06:00:00;20;G;3.0;G
2013-05-20;12:00:00;70;G;3.0;G
2013-05-20;18:00:00;90;G;3.0;G
2013-05-21;06:00:00;50;G;3.0;G
2013-05-21;12:00:00;70;G;5.0;G
2013-05-21;18:00:00;50;G;3.0;G
2013-05-22;06:00:00;90;G;1.0;G
2013-05-22;12:00:00;140;G;1.0;G
2013-05-22;18:00:00;180;G;5.0;G
2013-05-23;06:00:00;70;G;3.0;G
2013-05-23;12:00:00;50;G;3.0;G
2013-05-23;18:00:00;50;G;1.0;G
2013-05-24;06:00:00;20;G;1.0;G
2013-05-24;12:00:00;50;G;1.0;G
2013-05-24;18:00:00;70;G;3.0;G
2013-05-25;06:00:00;20;G;5.0;G
2013-05-25;12:00:00;20;G;7.0;G
2013-05-25;18:00:00;20;G;5.0;G
2013-05-26;06:00:00;20;G;5.0;G
2013-05-26;12:00:00;70;G;7.0;G
2013-05-26;18:00:00;50;G;5.0;G
2013-05-27;06:00:00;50;G;1.0;G
2013-05-27;12:00:00;50;G;3.0;G
2013-05-27;18:00:00;50;G;5.0;G
2013-05-28;06:00:00;50;G;5.0;G
2013-05-28;12:00:00;50;G;1.0;G
2013-05-28;18:00:00;50;G;3.0;G
2013-05-29;06:00:00;70;G;5.0;G
2013-05-29;12:00:00;70;G;3.0;G
2013-05-30;06:00:00;50;G;3.0;G
2013-05-30;12:00:00;70;G;5.0;G
2013-05-30;18:00:00;70;G;3.0;G
2013-05-31;06:00:00;50;G;3.0;G
2013-05-31;12:00:00;70;G;3.0;G
2013-05-31;18:00:00;70;G;3.0;G
2013-06-01;06:00:00;70;G;3.0;G
2013-06-01;12:00:00;70;G;2.0;G
2013-06-01;18:00:00;20;G;3.0;G
2013-06-02;06:00:00;20;G;3.0;G
2013-06-02;12:00:00;70;G;1.0;G
2013-06-02;18:00:00;110;G;3.0;G
2013-06-03;06:00:00;320;G;1.0;G
2013-06-03;12:00:00;340;G;5.0;G
2013-06-03;18:00:00;360;G;5.0;G
2013-06-04;06:00:00;360;G;5.0;G
2013-06-04;12:00:00;340;G;5.0;G
2013-06-04;18:00:00;340;G;5.0;G
2013-06-05;06:00:00;290;G;3.0;G
2013-06-05;12:00:00;270;G;3.0;G
2013-06-05;18:00:00;110;G;3.0;G
2013-06-06;06:00:00;340;G;1.0;G
2013-06-06;12:00:00;50;G;3.0;G
2013-06-06;18:00:00;340;G;3.0;G
2013-06-07;06:00:00;290;G;1.0;G
2013-06-07;12:00:00;270;G;3.0;G
2013-06-07;18:00:00;270;G;3.0;G
2013-06-08;06:00:00;270;G;3.0;G
2013-06-08;12:00:00;250;G;3.0;G
2013-06-08;18:00:00;70;G;3.0;G
2013-06-09;06:00:00;360;G;1.0;G
2013-06-09;12:00:00;20;G;1.0;G
2013-06-09;18:00:00;360;Y;3.0;Y
2013-06-10;06:00:00;290;G;3.0;G
2013-06-10;12:00:00;0;G;0.0;G
2013-06-10;18:00:00;320;G;3.0;G
2013-06-11;06:00:00;320;G;3.0;G
2013-06-11;12:00:00;320;Y;1.0;Y
2013-06-11;18:00:00;110;G;5.0;G
2013-06-12;06:00:00;270;G;3.0;G
2013-06-12;12:00:00;270;G;3.0;G
2013-06-12;18:00:00;200;G;5.0;G
2013-06-13;06:00:00;140;G;3.0;G
2013-06-13;12:00:00;160;G;5.0;G
2013-06-13;18:00:00;160;G;7.0;G
2013-06-14;06:00:00;200;G;3.0;G
2013-06-14;12:00:00;200;G;5.0;G
2013-06-14;18:00:00;200;G;5.0;G
2013-06-15;06:00:00;250;G;5.0;G
2013-06-15;12:00:00;270;G;5.0;G
2013-06-15;18:00:00;230;G;5.0;G
2013-06-16;06:00:00;180;G;1.0;G
2013-06-16;12:00:00;270;G;5.0;G
2013-06-16;18:00:00;200;G;5.0;G
2013-06-17;06:00:00;270;G;5.0;G
2013-06-17;12:00:00;290;G;3.0;G
2013-06-17;18:00:00;270;G;3.0;G
2013-06-18;06:00:00;270;G;1.0;G
2013-06-18;12:00:00;70;G;5.0;G
2013-06-18;18:00:00;50;G;1.0;G
2013-06-19;06:00:00;140;G;1.0;G
2013-06-19;12:00:00;140;G;7.0;G
2013-06-19;18:00:00;160;G;7.0;G
2013-06-20;06:00:00;200;G;3.0;G
2013-06-20;12:00:00;270;G;5.0;G
2013-06-20;18:00:00;360;G;1.0;G
2013-06-21;06:00:00;70;G;5.0;G
2013-06-21;12:00:00;70;G;5.0;G
2013-06-21;18:00:00;50;G;1.0;G
2013-06-22;06:00:00;140;G;7.0;G
2013-06-22;12:00:00;230;G;5.0;G
2013-06-22;18:00:00;230;G;3.0;G
2013-06-23;06:00:00;230;G;5.0;G
2013-06-23;12:00:00;140;G;3.0;G
2013-06-23;18:00:00;140;G;7.0;G
2013-06-24;06:00:00;270;G;5.0;G
2013-06-24;12:00:00;140;G;1.0;G
2013-06-24;18:00:00;230;G;5.0;G
2013-06-25;06:00:00;270;G;1.0;G
2013-06-25;12:00:00;270;G;3.0;G
2013-06-25;18:00:00;90;G;3.0;G
2013-06-26;06:00:00;20;G;7.0;G
2013-06-26;12:00:00;50;G;5.0;G
2013-06-26;18:00:00;140;G;5.0;G
2013-06-27;06:00:00;180;G;3.0;G
2013-06-27;12:00:00;180;G;1.0;G
2013-06-27;18:00:00;230;G;3.0;G
2013-06-28;06:00:00;270;G;5.0;G
2013-06-28;12:00:00;270;G;3.0;G
2013-06-28;18:00:00;180;G;1.0;G
2013-06-29;06:00:00;180;G;1.0;G
2013-06-29;12:00:00;180;G;5.0;G
2013-06-29;18:00:00;160;G;5.0;G
2013-06-30;06:00:00;120;G;3.0;G
2013-06-30;12:00:00;110;G;3.0;G
2013-06-30;18:00:00;140;G;1.0;G
2013-07-01;06:00:00;180;G;1.0;G
2013-07-01;12:00:00;200;G;3.0;G
2013-07-01;18:00:00;180;G;3.0;G
2013-07-02;06:00:00;220;G;3.0;G
2013-07-02;12:00:00;230;G;5.0;G
2013-07-02;18:00:00;200;G;5.0;G
2013-07-03;06:00:00;230;G;1.0;G
2013-07-03;12:00:00;180;G;1.0;G
2013-07-03;18:00:00;180;G;3.0;G
2013-07-04;06:00:00;140;G;3.0;G
2013-07-04;12:00:00;140;G;1.0;G
2013-07-04;18:00:00;140;G;1.0;G
2013-07-05;06:00:00;270;G;5.0;G
2013-07-05;12:00:00;270;G;1.0;G
2013-07-05;18:00:00;270;G;3.0;G
2013-07-06;06:00:00;360;G;3.0;G
2013-07-06;12:00:00;70;G;3.0;G
2013-07-06;18:00:00;270;G;3.0;G
2013-07-07;06:00:00;270;G;1.0;G
2013-07-07;12:00:00;270;G;3.0;G
2013-07-07;18:00:00;270;G;5.0;G
2013-07-08;06:00:00;360;G;5.0;G
2013-07-08;12:00:00;360;G;5.0;G
2013-07-08;18:00:00;20;G;1.0;G
2013-07-09;06:00:00;230;G;3.0;G
2013-07-09;12:00:00;270;Y;3.0;Y
2013-07-09;18:00:00;200;G;5.0;G
2013-07-10;06:00:00;20;G;3.0;G
2013-07-10;12:00:00;360;G;5.0;G
2013-07-10;18:00:00;360;G;5.0;G
2013-07-11;06:00:00;360;G;5.0;G
2013-07-11;12:00:00;50;G;5.0;G
2013-07-11;18:00:00;50;G;3.0;G
2013-07-12;06:00:00;340;G;3.0;G
2013-07-12;12:00:00;20;G;3.0;G
2013-07-12;18:00:00;70;G;1.0;G
2013-07-13;06:00:00;0;G;0.0;G
2013-07-13;12:00:00;230;G;1.0;G
2013-07-13;18:00:00;160;G;1.0;G
2013-07-14;06:00:00;320;G;1.0;G
2013-07-14;12:00:00;360;G;3.0;G
2013-07-14;18:00:00;340;G;3.0;G
2013-07-15;06:00:00;200;G;3.0;G
2013-07-15;12:00:00;250;G;5.0;G
2013-07-15;18:00:00;270;G;3.0;G
2013-07-16;06:00:00;50;G;3.0;G
2013-07-16;12:00:00;290;G;5.0;G
2013-07-16;18:00:00;290;G;5.0;G
2013-07-17;06:00:00;360;G;3.0;G
2013-07-17;12:00:00;270;G;5.0;G
2013-07-17;18:00:00;270;G;5.0;G
2013-07-18;06:00:00;270;G;3.0;G
2013-07-18;12:00:00;270;G;1.0;G
2013-07-18;18:00:00;90;G;1.0;G
2013-07-19;06:00:00;270;G;5.0;G
2013-07-19;12:00:00;320;G;7.0;G
2013-07-19;18:00:00;50;G;3.0;G
2013-07-20;06:00:00;320;G;5.0;G
2013-07-20;12:00:00;340;G;5.0;G
2013-07-20;18:00:00;340;G;1.0;G
2013-07-21;06:00:00;360;G;7.0;G
2013-07-21;12:00:00;340;G;7.0;G
2013-07-21;18:00:00;360;G;5.0;G
2013-07-22;06:00:00;340;G;5.0;G
2013-07-22;12:00:00;360;G;5.0;G
2013-07-22;18:00:00;20;G;7.0;G
2013-07-23;06:00:00;360;G;5.0;G
2013-07-23;12:00:00;360;G;7.0;G
2013-07-23;18:00:00;360;G;5.0;G
2013-07-24;06:00:00;340;G;3.0;G
2013-07-24;12:00:00;290;G;3.0;G
2013-07-24;18:00:00;290;G;1.0;G
2013-07-25;06:00:00;360;G;1.0;G
2013-07-25;12:00:00;50;G;3.0;G
2013-07-25;18:00:00;90;G;1.0;G
2013-07-26;06:00:00;0;G;0.0;G
2013-07-26;12:00:00;0;G;0.0;G
2013-07-26;18:00:00;110;G;1.0;G
2013-07-27;06:00:00;0;G;0.0;G
2013-07-27;12:00:00;140;G;1.0;G
2013-07-27;18:00:00;160;G;1.0;G
2013-07-28;06:00:00;140;G;1.0;G
2013-07-28;12:00:00;140;G;3.0;G
2013-07-28;18:00:00;110;G;1.0;G
2013-07-29;06:00:00;180;G;1.0;G
2013-07-29;12:00:00;0;G;0.0;G
2013-07-29;18:00:00;0;G;0.0;G
2013-07-30;06:00:00;110;G;1.0;G
2013-07-30;12:00:00;50;G;1.0;G
2013-07-30;18:00:00;290;G;7.0;G
2013-07-31;06:00:00;230;G;3.0;G
2013-07-31;12:00:00;230;G;1.0;G
2013-07-31;18:00:00;180;G;5.0;G
2013-08-01;06:00:00;270;G;3.0;G
2013-08-01;12:00:00;290;G;7.0;G
2013-08-01;18:00:00;290;G;3.0;G
2013-08-02;06:00:00;320;G;3.0;G
2013-08-02;12:00:00;360;G;3.0;G
2013-08-02;18:00:00;290;G;1.0;G
2013-08-03;06:00:00;0;G;0.0;G
2013-08-03;12:00:00;180;G;3.0;G
2013-08-03;18:00:00;180;G;3.0;G
2013-08-04;06:00:00;270;G;1.0;G
2013-08-04;12:00:00;230;G;3.0;G
2013-08-04;18:00:00;320;G;3.0;G
2013-08-05;06:00:00;270;G;1.0;G
2013-08-05;12:00:00;230;G;3.0;G
2013-08-05;18:00:00;230;G;3.0;G
2013-08-06;06:00:00;180;G;3.0;G
2013-08-06;12:00:00;140;G;7.0;G
2013-08-06;18:00:00;140;G;5.0;G
2013-08-07;06:00:00;230;G;1.0;G
2013-08-07;12:00:00;230;G;1.0;G
2013-08-07;18:00:00;200;G;3.0;G
2013-08-08;06:00:00;0;G;0.0;G
2013-08-08;12:00:00;50;G;1.0;G
2013-08-08;18:00:00;90;G;3.0;G
2013-08-09;06:00:00;270;G;1.0;G
2013-08-09;12:00:00;270;G;7.0;G
2013-08-09;18:00:00;270;G;4.0;G
2013-08-10;06:00:00;270;G;1.0;G
2013-08-10;12:00:00;320;G;5.0;G
2013-08-10;18:00:00;0;Y;0.0;Y
2013-08-11;06:00:00;230;G;1.0;G
2013-08-11;12:00:00;180;G;3.0;G
2013-08-11;18:00:00;180;G;1.0;G
2013-08-12;06:00:00;230;G;5.0;G
2013-08-12;12:00:00;230;G;5.0;G
2013-08-12;18:00:00;200;G;3.0;G
2013-08-13;06:00:00;230;G;3.0;G
2013-08-13;12:00:00;230;G;2.0;G
2013-08-13;18:00:00;110;G;1.0;G
2013-08-14;06:00:00;0;G;0.0;G
2013-08-14;12:00:00;340;G;5.0;G
2013-08-14;18:00:00;320;G;3.0;G
2013-08-15;06:00:00;290;G;3.0;G
2013-08-15;12:00:00;290;G;5.0;G
2013-08-15;18:00:00;250;G;1.0;G
2013-08-16;06:00:00;200;G;1.0;G
2013-08-16;12:00:00;180;G;5.0;G
2013-08-16;18:00:00;180;G;1.0;G
2013-08-17;06:00:00;200;G;5.0;G
2013-08-17;12:00:00;200;G;5.0;G
2013-08-17;18:00:00;200;G;5.0;G
2013-08-18;06:00:00;140;G;3.0;G
2013-08-18;12:00:00;140;G;5.0;G
2013-08-18;18:00:00;180;G;3.0;G
2013-08-19;06:00:00;250;G;5.0;G
2013-08-19;12:00:00;270;G;5.0;G
2013-08-19;18:00:00;270;G;3.0;G
2013-08-20;06:00:00;230;G;3.0;G
2013-08-20;12:00:00;230;G;3.0;G
2013-08-20;18:00:00;270;G;3.0;G
2013-08-21;06:00:00;230;G;3.0;G
2013-08-21;12:00:00;270;G;3.0;G
2013-08-21;18:00:00;270;G;3.0;G
2013-08-22;06:00:00;320;G;3.0;G
2013-08-22;12:00:00;340;G;5.0;G
2013-08-22;18:00:00;20;G;1.0;G
2013-08-23;06:00:00;360;G;3.0;G
2013-08-23;12:00:00;360;G;3.0;G
2013-08-23;18:00:00;70;G;1.0;G
2013-08-24;06:00:00;70;G;1.0;G
2013-08-24;12:00:00;70;G;3.0;G
2013-08-24;18:00:00;140;G;1.0;G
2013-08-25;06:00:00;90;G;1.0;G
2013-08-25;12:00:00;140;G;1.0;G
2013-08-25;18:00:00;140;G;1.0;G
2013-08-26;06:00:00;180;G;1.0;G
2013-08-26;12:00:00;230;G;1.0;G
2013-08-26;18:00:00;200;G;3.0;G
2013-08-27;06:00:00;230;G;1.0;G
2013-08-27;12:00:00;250;G;3.0;G
2013-08-27;18:00:00;200;Y;3.0;Y
2013-08-28;06:00:00;230;G;1.0;G
2013-08-28;12:00:00;250;G;3.0;G
2013-08-28;18:00:00;290;G;1.0;G
2013-08-29;06:00:00;0;G;0.0;G
2013-08-29;12:00:00;20;G;1.0;G
2013-08-29;18:00:00;290;G;3.0;G
2013-08-30;06:00:00;250;G;1.0;G
2013-08-30;12:00:00;20;G;1.0;G
2013-08-30;18:00:00;160;G;1.0;G
2013-08-31;06:00:00;70;G;1.0;G
2013-08-31;12:00:00;90;G;1.0;G
2013-08-31;18:00:00;360;G;1.0;G
2013-09-01;06:00:00;270;G;5.0;G
2013-09-01;12:00:00;270;G;5.0;G
2013-09-01;18:00:00;250;G;3.0;G
2013-09-02;06:00:00;340;G;1.0;G
2013-09-02;12:00:00;20;G;3.0;G
2013-09-02;18:00:00;360;G;5.0;G
2013-09-03;06:00:00;290;G;1.0;G
2013-09-03;12:00:00;270;G;3.0;G
2013-09-03;18:00:00;0;G;0.0;G
2013-09-04;06:00:00;140;G;1.0;G
2013-09-04;12:00:00;110;G;1.0;G
2013-09-04;18:00:00;160;G;5.0;G
2013-09-05;06:00:00;200;G;1.0;G
2013-09-05;12:00:00;160;G;3.0;G
2013-09-05;18:00:00;140;G;3.0;G
2013-09-06;06:00:00;200;G;3.0;G
2013-09-06;12:00:00;180;G;3.0;G
2013-09-06;18:00:00;140;G;3.0;G
2013-09-07;06:00:00;180;G;1.0;G
2013-09-07;12:00:00;200;G;3.0;G
2013-09-07;18:00:00;200;G;3.0;G
2013-09-08;06:00:00;200;G;1.0;G
2013-09-08;12:00:00;200;G;3.0;G
2013-09-08;18:00:00;200;G;3.0;G
2013-09-09;06:00:00;0;G;0.0;G
2013-09-09;12:00:00;70;G;3.0;G
2013-09-09;18:00:00;90;G;1.0;G
2013-09-10;06:00:00;90;G;1.0;G
2013-09-10;12:00:00;70;G;3.0;G
2013-09-10;18:00:00;70;G;1.0;G
2013-09-11;06:00:00;50;G;1.0;G
2013-09-11;12:00:00;360;G;1.0;G
2013-09-11;18:00:00;230;G;3.0;G
2013-09-12;06:00:00;0;G;0.0;G
2013-09-12;12:00:00;140;G;1.0;G
2013-09-12;18:00:00;110;G;1.0;G
2013-09-13;06:00:00;0;G;0.0;G
2013-09-13;12:00:00;140;G;3.0;G
2013-09-13;18:00:00;140;G;1.0;G
2013-09-14;06:00:00;0;G;0.0;G
2013-09-14;12:00:00;140;G;1.0;G
2013-09-14;18:00:00;140;G;1.0;G
2013-09-15;06:00:00;140;G;3.0;G
2013-09-15;12:00:00;160;G;7.0;G
2013-09-15;18:00:00;140;G;1.0;G
2013-09-16;06:00:00;140;G;5.0;G
2013-09-16;12:00:00;180;G;3.0;G
2013-09-16;18:00:00;160;G;3.0;G
2013-09-17;06:00:00;270;G;1.0;G
2013-09-17;12:00:00;50;G;1.0;G
2013-09-17;18:00:00;20;G;1.0;G
2013-09-18;06:00:00;0;G;0.0;G
2013-09-18;12:00:00;320;G;1.0;G
2013-09-18;18:00:00;360;G;1.0;G
2013-09-19;06:00:00;360;G;1.0;G
2013-09-19;12:00:00;340;G;3.0;G
2013-09-19;18:00:00;340;G;3.0;G
2013-09-20;06:00:00;0;G;0.0;G
2013-09-20;12:00:00;320;G;3.0;G
2013-09-20;18:00:00;270;G;3.0;G
2013-09-21;06:00:00;270;G;3.0;G
2013-09-21;12:00:00;270;G;3.0;G
2013-09-21;18:00:00;250;G;5.0;G
2013-09-21;18:00:00;250;G;5.0;G
2013-09-22;06:00:00;270;G;3.0;G
2013-09-22;12:00:00;270;G;1.0;G
2013-09-22;18:00:00;320;G;2.0;G
2013-09-23;06:00:00;320;G;5.0;G
2013-09-23;12:00:00;320;G;7.0;G
2013-09-23;18:00:00;340;G;5.0;G
2013-09-24;06:00:00;320;G;5.0;G
2013-09-24;12:00:00;320;G;7.0;G
2013-09-24;18:00:00;320;G;3.0;G
2013-09-25;06:00:00;320;G;5.0;G
2013-09-25;12:00:00;320;G;5.0;G
2013-09-25;18:00:00;360;G;5.0;G
2013-09-26;06:00:00;320;G;3.0;G
2013-09-26;12:00:00;230;G;3.0;G
2013-09-26;18:00:00;230;G;3.0;G
2013-09-27;06:00:00;320;G;1.0;G
2013-09-27;12:00:00;320;G;5.0;G
2013-09-27;18:00:00;320;G;3.0;G
2013-09-28;06:00:00;360;G;3.0;G
2013-09-28;12:00:00;360;G;1.0;G
2013-09-28;18:00:00;360;G;3.0;G
2013-09-29;06:00:00;340;G;3.0;G
2013-09-29;12:00:00;20;G;3.0;G
2013-09-29;18:00:00;360;G;1.0;G
2013-09-30;06:00:00;0;G;0.0;G
2013-09-30;12:00:00;360;G;1.0;G
2013-09-30;18:00:00;360;G;5.0;G
2013-10-01;06:00:00;360;G;3.0;G
2013-10-01;12:00:00;50;G;1.0;G
2013-10-01;18:00:00;50;G;1.0;G
2013-10-02;06:00:00;320;G;1.0;G
2013-10-02;12:00:00;230;G;3.0;G
2013-10-02;18:00:00;230;G;3.0;G
2013-10-03;06:00:00;250;G;1.0;G
2013-10-03;12:00:00;250;G;3.0;G
2013-10-03;18:00:00;200;G;3.0;G
2013-10-04;06:00:00;230;G;3.0;G
2013-10-04;12:00:00;180;G;5.0;G
2013-10-04;18:00:00;160;G;5.0;G
2013-10-05;06:00:00;180;G;5.0;G
2013-10-05;12:00:00;200;G;7.0;G
2013-10-05;18:00:00;200;G;3.0;G
2013-10-06;06:00:00;290;G;1.0;G
2013-10-06;12:00:00;250;G;5.0;G
2013-10-06;18:00:00;230;G;5.0;G
2013-10-07;06:00:00;230;G;1.0;G
2013-10-07;12:00:00;270;G;5.0;G
2013-10-07;18:00:00;270;G;3.0;G
2013-10-08;06:00:00;230;G;1.0;G
2013-10-08;12:00:00;230;G;3.0;G
2013-10-08;18:00:00;230;G;5.0;G
2013-10-09;06:00:00;250;G;5.0;G
2013-10-09;12:00:00;230;G;5.0;G
2013-10-09;18:00:00;200;G;5.0;G
2013-10-10;06:00:00;0;G;0.0;G
2013-10-10;12:00:00;360;G;3.0;G
2013-10-10;18:00:00;20;G;3.0;G
2013-10-11;06:00:00;360;G;3.0;G
2013-10-11;12:00:00;340;G;1.0;G
2013-10-11;18:00:00;320;G;3.0;G
2013-10-12;06:00:00;340;G;1.0;G
2013-10-12;12:00:00;270;G;1.0;G
2013-10-12;18:00:00;270;G;1.0;G
2013-10-13;06:00:00;270;G;3.0;G
2013-10-13;12:00:00;360;G;1.0;G
2013-10-13;18:00:00;50;G;3.0;G
2013-10-14;06:00:00;20;G;1.0;G
2013-10-14;12:00:00;160;G;3.0;G
2013-10-14;18:00:00;270;G;3.0;G
2013-10-15;06:00:00;270;G;5.0;G
2013-10-15;12:00:00;320;G;3.0;G
2013-10-15;18:00:00;340;G;1.0;G
2013-10-16;06:00:00;360;G;1.0;G
2013-10-16;12:00:00;20;G;1.0;G
2013-10-16;18:00:00;180;G;3.0;G
2013-10-17;06:00:00;180;G;5.0;G
2013-10-17;12:00:00;230;G;3.0;G
2013-10-17;18:00:00;50;G;1.0;G
2013-10-18;06:00:00;270;G;5.0;G
2013-10-18;12:00:00;320;G;3.0;G
2013-10-18;18:00:00;270;G;3.0;G
2013-10-19;06:00:00;270;G;3.0;G
2013-10-19;12:00:00;270;G;3.0;G
2013-10-19;18:00:00;270;G;1.0;G
2013-10-20;06:00:00;360;G;1.0;G
2013-10-20;12:00:00;20;G;1.0;G
2013-10-20;18:00:00;50;G;3.0;G
2013-10-21;06:00:00;50;G;1.0;G
2013-10-21;12:00:00;90;G;5.0;G
2013-10-21;18:00:00;50;G;3.0;G
2013-10-22;06:00:00;110;G;5.0;G
2013-10-22;12:00:00;160;G;5.0;G
2013-10-22;18:00:00;180;G;7.0;G
2013-10-23;06:00:00;180;G;5.0;G
2013-10-23;12:00:00;180;G;1.0;G
2013-10-23;18:00:00;180;G;3.0;G
2013-10-24;06:00:00;230;G;3.0;G
2013-10-24;12:00:00;250;G;7.0;G
2013-10-24;18:00:00;250;G;9.0;G
2013-10-25;06:00:00;270;G;3.0;G
2013-10-25;12:00:00;270;G;1.0;G
2013-10-25;18:00:00;230;G;1.0;G
2013-10-26;06:00:00;180;G;3.0;G
2013-10-26;12:00:00;230;G;7.0;G
2013-10-26;18:00:00;250;G;5.0;G
2013-10-27;06:00:00;200;G;3.0;G
2013-10-27;12:00:00;200;G;5.0;G
2013-10-27;18:00:00;160;G;5.0;G
2013-10-28;06:00:00;230;G;5.0;G
2013-10-28;12:00:00;230;G;5.0;G
2013-10-28;18:00:00;140;G;3.0;G
2013-10-29;06:00:00;230;G;5.0;G
2013-10-29;12:00:00;230;G;7.0;G
2013-10-29;18:00:00;230;G;5.0;G
2013-10-30;06:00:00;270;G;5.0;G
2013-10-30;12:00:00;290;G;3.0;G
2013-10-30;18:00:00;270;G;1.0;G
2013-10-31;06:00:00;230;G;3.0;G
2013-10-31;12:00:00;200;Y;7.0;Y
2013-10-31;18:00:00;230;G;5.0;G
2013-11-01;06:00:00;250;G;5.0;G
2013-11-01;12:00:00;230;G;5.0;G
2013-11-01;18:00:00;250;G;5.0;G
2013-11-02;06:00:00;200;G;3.0;G
2013-11-02;12:00:00;200;G;3.0;G
2013-11-02;18:00:00;200;G;1.0;G
2013-11-03;06:00:00;0;G;0.0;G
2013-11-03;12:00:00;90;G;1.0;G
2013-11-03;18:00:00;110;G;3.0;G
2013-11-04;06:00:00;200;G;3.0;G
2013-11-04;12:00:00;200;G;5.0;G
2013-11-04;18:00:00;200;G;3.0;G
2013-11-05;06:00:00;320;G;5.0;G
2013-11-05;12:00:00;270;G;7.0;G
2013-11-05;18:00:00;270;G;1.0;G
2013-11-06;06:00:00;230;G;1.0;G
2013-11-06;12:00:00;230;G;1.0;G
2013-11-06;18:00:00;230;G;1.0;G
2013-11-07;06:00:00;180;G;3.0;G
2013-11-07;12:00:00;200;G;3.0;G
2013-11-07;18:00:00;180;G;3.0;G
2013-11-08;06:00:00;250;G;5.0;G
2013-11-08;12:00:00;250;G;5.0;G
2013-11-08;18:00:00;230;G;3.0;G
2013-11-09;06:00:00;180;G;5.0;G
2013-11-09;12:00:00;110;G;5.0;G
2013-11-09;18:00:00;70;G;3.0;G
2013-11-10;06:00:00;250;G;5.0;G
2013-11-10;12:00:00;290;G;1.0;G
2013-11-10;18:00:00;360;G;3.0;G
2013-11-11;06:00:00;360;G;3.0;G
2013-11-11;12:00:00;250;G;3.0;G
2013-11-11;18:00:00;200;G;1.0;G
2013-11-12;06:00:00;180;G;5.0;G
2013-11-12;12:00:00;200;G;7.0;G
2013-11-12;18:00:00;250;G;5.0;G
2013-11-13;06:00:00;270;G;5.0;G
2013-11-13;12:00:00;290;G;7.0;G
2013-11-13;18:00:00;270;G;3.0;G
2013-11-14;06:00:00;250;G;3.0;G
2013-11-14;12:00:00;250;G;1.0;G
2013-11-14;18:00:00;180;G;3.0;G
2013-11-15;06:00:00;230;G;3.0;G
2013-11-15;12:00:00;230;G;5.0;G
2013-11-15;18:00:00;230;G;7.0;G
2013-11-16;06:00:00;250;G;5.0;G
2013-11-16;12:00:00;250;G;5.0;G
2013-11-16;18:00:00;270;G;7.0;G
2013-11-17;06:00:00;270;G;7.0;G
2013-11-17;12:00:00;270;G;7.0;G
2013-11-17;18:00:00;250;G;1.0;G
2013-11-18;06:00:00;200;G;5.0;G
2013-11-18;12:00:00;230;G;5.0;G
2013-11-18;18:00:00;180;G;5.0;G
2013-11-19;06:00:00;230;G;3.0;G
2013-11-19;12:00:00;200;G;5.0;G
2013-11-19;18:00:00;180;G;3.0;G
2013-11-20;06:00:00;270;G;3.0;G
2013-11-20;12:00:00;20;G;5.0;G
2013-11-20;18:00:00;20;G;3.0;G
2013-11-21;06:00:00;20;G;5.0;G
2013-11-21;12:00:00;360;G;5.0;G
2013-11-21;18:00:00;360;G;3.0;G
2013-11-22;06:00:00;340;G;5.0;G
2013-11-22;12:00:00;360;G;3.0;G
2013-11-22;18:00:00;340;G;1.0;G
2013-11-23;06:00:00;250;G;3.0;G
2013-11-23;12:00:00;250;G;5.0;G
2013-11-23;18:00:00;250;G;5.0;G
2013-11-24;06:00:00;340;G;5.0;G
2013-11-24;12:00:00;290;G;5.0;G
2013-11-24;18:00:00;290;G;5.0;G
2013-11-25;06:00:00;320;G;5.0;G
2013-11-25;12:00:00;340;G;7.0;G
2013-11-25;18:00:00;340;G;5.0;G
2013-11-26;06:00:00;320;G;3.0;G
2013-11-26;12:00:00;270;G;3.0;G
2013-11-26;18:00:00;230;G;3.0;G
2013-11-27;06:00:00;230;G;3.0;G
2013-11-27;12:00:00;270;G;5.0;G
2013-11-27;18:00:00;230;G;7.0;G
2013-11-28;06:00:00;290;G;9.0;G
2013-11-28;12:00:00;320;G;7.0;G
2013-11-28;18:00:00;320;G;7.0;G
2013-11-29;06:00:00;320;G;3.0;G
2013-11-29;12:00:00;290;G;1.0;G
2013-11-29;18:00:00;140;G;1.0;G
2013-11-30;06:00:00;160;G;3.0;G
2013-11-30;12:00:00;270;G;7.0;G
2013-11-30;18:00:00;250;G;3.0;G
2013-12-01;06:00:00;270;G;7.0;G
2013-12-01;12:00:00;290;G;9.0;G
2013-12-01;18:00:00;320;G;9.0;G
2013-12-02;06:00:00;320;G;5.0;G
2013-12-02;12:00:00;250;G;5.0;G
2013-12-02;18:00:00;250;G;7.0;G
2013-12-03;06:00:00;270;G;7.0;G
2013-12-03;12:00:00;270;G;7.0;G
2013-12-03;18:00:00;270;G;5.0;G
2013-12-04;06:00:00;360;G;1.0;G
2013-12-04;12:00:00;320;G;3.0;G
2013-12-04;18:00:00;250;G;5.0;G
2013-12-05;06:00:00;250;G;5.0;G
2013-12-05;12:00:00;180;G;3.0;G
2013-12-05;18:00:00;200;G;7.0;G
2013-12-06;06:00:00;20;G;5.0;G
2013-12-06;12:00:00;340;G;7.0;G
2013-12-06;18:00:00;360;G;7.0;G
2013-12-07;06:00:00;340;G;7.0;G
2013-12-07;12:00:00;320;G;7.0;G
2013-12-07;18:00:00;290;G;7.0;G
2013-12-08;06:00:00;340;G;5.0;G
2013-12-08;12:00:00;290;G;1.0;G
2013-12-08;18:00:00;70;G;3.0;G
2013-12-09;06:00:00;20;G;3.0;G
2013-12-09;12:00:00;360;G;1.0;G
2013-12-09;18:00:00;360;G;1.0;G
2013-12-10;06:00:00;180;G;5.0;G
2013-12-10;12:00:00;250;G;3.0;G
2013-12-10;18:00:00;250;G;5.0;G
2013-12-11;06:00:00;270;G;7.0;G
2013-12-11;12:00:00;270;G;5.0;G
2013-12-11;18:00:00;270;G;7.0;G
2013-12-12;06:00:00;250;G;7.0;G
2013-12-12;12:00:00;250;G;5.0;G
2013-12-12;18:00:00;250;G;7.0;G
2013-12-13;06:00:00;290;G;7.0;G
2013-12-13;12:00:00;340;G;5.0;G
2013-12-13;18:00:00;320;G;1.0;G
2013-12-14;06:00:00;110;G;3.0;G
2013-12-14;12:00:00;110;G;5.0;G
2013-12-14;18:00:00;160;G;5.0;G
2013-12-15;06:00:00;200;G;3.0;G
2013-12-15;12:00:00;200;G;5.0;G
2013-12-15;18:00:00;230;G;5.0;G
2013-12-16;06:00:00;200;G;5.0;G
2013-12-16;12:00:00;200;G;5.0;G
2013-12-16;18:00:00;200;G;5.0;G
2013-12-17;06:00:00;250;G;5.0;G
2013-12-17;12:00:00;250;G;5.0;G
2013-12-17;18:00:00;270;G;5.0;G
2013-12-18;06:00:00;250;G;1.0;G
2013-12-18;12:00:00;250;G;5.0;G
2013-12-18;18:00:00;200;G;1.0;G
2013-12-19;06:00:00;180;G;5.0;G
2013-12-19;12:00:00;160;G;5.0;G
2013-12-19;18:00:00;160;G;5.0;G
2013-12-20;06:00:00;250;G;7.0;G
2013-12-20;12:00:00;200;G;5.0;G
2013-12-20;18:00:00;250;G;5.0;G
2013-12-21;06:00:00;230;G;5.0;G
2013-12-21;12:00:00;180;G;7.0;G
2013-12-21;18:00:00;230;G;5.0;G
2013-12-22;06:00:00;180;G;4.0;G
2013-12-22;12:00:00;230;G;7.0;G
2013-12-22;18:00:00;250;G;7.0;G
2013-12-23;06:00:00;250;G;7.0;G
2013-12-23;12:00:00;250;G;7.0;G
2013-12-23;18:00:00;250;G;7.0;G
2013-12-24;06:00:00;160;G;7.0;G
2013-12-24;12:00:00;180;G;7.0;G
2013-12-24;18:00:00;230;G;3.0;G
2013-12-25;06:00:00;230;G;5.0;G
2013-12-25;12:00:00;180;G;5.0;G
2013-12-25;18:00:00;180;G;7.0;G
2013-12-26;06:00:00;230;G;3.0;G
2013-12-26;12:00:00;230;G;3.0;G
2013-12-26;18:00:00;180;G;1.0;G
2013-12-27;06:00:00;90;G;1.0;G
2013-12-27;12:00:00;180;G;3.0;G
2013-12-27;18:00:00;140;G;5.0;G
2013-12-28;06:00:00;180;G;7.0;G
2013-12-28;12:00:00;180;G;1.0;G
2013-12-28;18:00:00;230;G;5.0;G
2013-12-29;06:00:00;200;G;5.0;G
2013-12-29;12:00:00;200;G;5.0;G
2013-12-29;18:00:00;200;G;5.0;G
2013-12-30;06:00:00;270;G;5.0;G
2013-12-30;12:00:00;270;G;5.0;G
2013-12-30;18:00:00;230;G;2.0;G
2013-12-31;06:00:00;180;G;5.0;G
2013-12-31;12:00:00;140;G;5.0;G
2013-12-31;18:00:00;180;G;7.0;G
2014-01-01;06:00:00;140;G;5.0;G
2014-01-01;12:00:00;140;G;5.0;G
2014-01-01;18:00:00;140;G;3.0;G
2014-01-02;06:00:00;140;G;5.0;G
2014-01-02;12:00:00;160;G;5.0;G
2014-01-02;18:00:00;140;G;5.0;G
2014-01-03;06:00:00;140;G;5.0;G
2014-01-03;12:00:00;140;G;5.0;G
2014-01-03;18:00:00;140;G;1.0;G
2014-01-04;06:00:00;160;G;3.0;G
2014-01-04;12:00:00;250;G;3.0;G
2014-01-04;18:00:00;230;G;3.0;G
2014-01-05;06:00:00;180;G;5.0;G
2014-01-05;12:00:00;250;G;3.0;G
2014-01-05;18:00:00;270;G;1.0;G
2014-01-06;06:00:00;90;G;1.0;G
2014-01-06;12:00:00;180;G;5.0;G
2014-01-06;18:00:00;180;G;7.0;G
2014-01-07;06:00:00;180;G;3.0;G
2014-01-07;12:00:00;250;G;5.0;G
2014-01-07;18:00:00;230;G;5.0;G
2014-01-08;06:00:00;250;G;5.0;G
2014-01-08;12:00:00;250;G;5.0;G
2014-01-08;18:00:00;230;G;5.0;G
2014-01-09;06:00:00;250;G;3.0;G
2014-01-09;12:00:00;230;G;3.0;G
2014-01-09;18:00:00;110;G;3.0;G
2014-01-10;06:00:00;360;G;5.0;G
2014-01-10;12:00:00;340;G;7.0;G
2014-01-10;18:00:00;320;G;5.0;G
2014-01-11;06:00:00;340;G;1.0;G
2014-01-11;12:00:00;50;G;3.0;G
2014-01-11;18:00:00;20;G;3.0;G
2014-01-12;06:00:00;320;G;5.0;G
2014-01-12;12:00:00;340;G;7.0;G
2014-01-12;18:00:00;340;G;7.0;G
2014-01-13;06:00:00;320;G;3.0;G
2014-01-13;12:00:00;360;G;3.0;G
2014-01-13;18:00:00;340;G;3.0;G
2014-01-14;06:00:00;320;G;5.0;G
2014-01-14;12:00:00;50;G;3.0;G
2014-01-14;18:00:00;20;G;3.0;G
2014-01-15;06:00:00;20;G;3.0;G
2014-01-15;12:00:00;50;G;5.0;G
2014-01-15;18:00:00;20;G;3.0;G
2014-01-16;06:00:00;70;G;3.0;G
2014-01-16;12:00:00;70;G;3.0;G
2014-01-16;18:00:00;50;G;3.0;G
2014-01-17;06:00:00;50;G;7.0;G
2014-01-17;12:00:00;20;G;5.0;G
2014-01-17;18:00:00;70;G;3.0;G
2014-01-18;06:00:00;90;G;3.0;G
2014-01-18;12:00:00;90;G;3.0;G
2014-01-18;18:00:00;90;G;5.0;G
2014-01-19;06:00:00;90;G;3.0;G
2014-01-19;12:00:00;90;G;5.0;G
2014-01-19;18:00:00;90;G;3.0;G
2014-01-20;06:00:00;110;G;5.0;G
2014-01-20;12:00:00;110;G;3.0;G
2014-01-20;18:00:00;90;G;5.0;G
2014-01-21;06:00:00;70;G;3.0;G
2014-01-21;12:00:00;70;G;3.0;G
2014-01-21;18:00:00;90;G;5.0;G
2014-01-22;06:00:00;90;G;1.0;G
2014-01-22;12:00:00;90;G;1.0;G
2014-01-22;18:00:00;50;G;5.0;G
2014-01-23;06:00:00;50;G;1.0;G
2014-01-23;12:00:00;90;G;3.0;G
2014-01-23;18:00:00;110;G;3.0;G
2014-01-24;06:00:00;90;G;3.0;G
2014-01-24;12:00:00;110;G;1.0;G
2014-01-24;18:00:00;140;G;3.0;G
2014-01-25;06:00:00;70;G;3.0;G
2014-01-25;12:00:00;140;G;5.0;G
2014-01-25;18:00:00;160;G;7.0;G
2014-01-26;06:00:00;160;G;5.0;G
2014-01-26;12:00:00;180;G;3.0;G
2014-01-26;18:00:00;110;G;5.0;G
2014-01-27;06:00:00;90;G;7.0;G
2014-01-27;12:00:00;110;G;9.0;G
2014-01-27;18:00:00;110;G;9.0;G
2014-01-28;06:00:00;110;G;7.0;G
2014-01-28;12:00:00;110;G;7.0;G
2014-01-28;18:00:00;110;G;5.0;G
2014-01-29;06:00:00;110;G;5.0;G
2014-01-29;12:00:00;90;G;7.0;G
2014-01-29;18:00:00;70;G;5.0;G
2014-01-30;06:00:00;110;G;1.0;G
2014-01-30;12:00:00;110;G;9.0;G
2014-01-30;18:00:00;140;G;7.0;G
2014-01-31;06:00:00;180;G;5.0;G
2014-01-31;12:00:00;110;G;5.0;G
2014-01-31;18:00:00;110;G;5.0;G
2014-02-01;06:00:00;160;G;5.0;G
2014-02-01;12:00:00;180;G;3.0;G
2014-02-01;18:00:00;160;G;5.0;G
2014-02-02;06:00:00;180;G;5.0;G
2014-02-02;12:00:00;160;G;5.0;G
2014-02-02;18:00:00;180;G;5.0;G
2014-02-03;06:00:00;180;G;3.0;G
2014-02-03;12:00:00;230;G;1.0;G
2014-02-03;18:00:00;0;G;0.0;G
2014-02-04;06:00:00;110;G;3.0;G
2014-02-04;12:00:00;110;G;5.0;G
2014-02-04;18:00:00;140;G;5.0;G
2014-02-05;06:00:00;140;G;1.0;G
2014-02-05;12:00:00;180;G;3.0;G
2014-02-05;18:00:00;140;G;3.0;G
2014-02-06;06:00:00;50;G;3.0;G
2014-02-06;12:00:00;180;G;1.0;G
2014-02-06;18:00:00;230;G;3.0;G
2014-02-07;06:00:00;160;G;3.0;G
2014-02-07;12:00:00;140;G;3.0;G
2014-02-07;18:00:00;110;G;7.0;G
2014-02-08;06:00:00;230;G;3.0;G
2014-02-08;12:00:00;230;G;5.0;G
2014-02-08;18:00:00;230;G;3.0;G
2014-02-09;06:00:00;140;G;5.0;G
2014-02-09;12:00:00;180;G;7.0;G
2014-02-09;18:00:00;180;G;5.0;G
2014-02-10;06:00:00;160;G;5.0;G
2014-02-10;12:00:00;160;G;3.0;G
2014-02-10;18:00:00;160;G;3.0;G
2014-02-11;06:00:00;200;G;1.0;G
2014-02-11;12:00:00;110;G;3.0;G
2014-02-11;18:00:00;70;G;3.0;G
2014-02-12;06:00:00;50;G;1.0;G
2014-02-12;12:00:00;180;G;1.0;G
2014-02-12;18:00:00;180;G;3.0;G
2014-02-13;06:00:00;180;G;5.0;G
2014-02-13;12:00:00;140;G;5.0;G
2014-02-13;18:00:00;230;G;5.0;G
2014-02-14;06:00:00;160;G;5.0;G
2014-02-14;12:00:00;160;G;3.0;G
2014-02-14;18:00:00;160;G;5.0;G
2014-02-15;06:00:00;140;G;5.0;G
2014-02-15;12:00:00;140;G;7.0;G
2014-02-15;18:00:00;160;G;7.0;G
2014-02-16;06:00:00;160;G;5.0;G
2014-02-16;12:00:00;200;G;7.0;G
2014-02-16;18:00:00;180;G;3.0;G
2014-02-17;06:00:00;270;G;7.0;G
2014-02-17;12:00:00;270;G;7.0;G
2014-02-17;18:00:00;270;G;5.0;G
2014-02-18;06:00:00;270;G;5.0;G
2014-02-18;12:00:00;160;G;3.0;G
2014-02-18;18:00:00;270;G;3.0;G
2014-02-19;06:00:00;270;G;1.0;G
2014-02-19;12:00:00;360;G;1.0;G
2014-02-19;18:00:00;50;G;1.0;G
2014-02-20;06:00:00;50;G;3.0;G
2014-02-20;12:00:00;360;G;3.0;G
2014-02-20;18:00:00;50;G;1.0;G
2014-02-21;06:00:00;140;G;5.0;G
2014-02-21;12:00:00;140;G;7.0;G
2014-02-21;18:00:00;160;G;3.0;G
2014-02-22;06:00:00;290;G;1.0;G
2014-02-22;12:00:00;200;G;3.0;G
2014-02-22;18:00:00;200;G;3.0;G
2014-02-23;06:00:00;330;G;5.0;G
2014-02-23;12:00:00;250;G;9.0;G
2014-02-23;18:00:00;200;G;5.0;G
2014-02-24;06:00:00;230;G;5.0;G
2014-02-24;12:00:00;200;G;5.0;G
2014-02-24;18:00:00;180;G;5.0;G
2014-02-25;06:00:00;200;G;5.0;G
2014-02-25;12:00:00;160;G;5.0;G
2014-02-25;18:00:00;160;G;5.0;G
2014-02-26;06:00:00;160;G;5.0;G
2014-02-26;12:00:00;160;G;5.0;G
2014-02-26;18:00:00;110;G;5.0;G
2014-02-27;06:00:00;160;G;5.0;G
2014-02-27;12:00:00;160;G;3.0;G
2014-02-27;18:00:00;140;G;5.0;G
2014-02-28;06:00:00;110;G;1.0;G
2014-02-28;12:00:00;110;G;1.0;G
2014-02-28;18:00:00;110;G;3.0;G
2014-03-01;06:00:00;110;G;3.0;G
2014-03-01;12:00:00;110;G;3.0;G
2014-03-01;18:00:00;90;G;1.0;G
2014-03-02;06:00:00;70;G;1.0;G
2014-03-02;12:00:00;110;G;1.0;G
2014-03-02;18:00:00;110;G;1.0;G
2014-03-03;06:00:00;230;G;3.0;G
2014-03-03;12:00:00;180;G;1.0;G
2014-03-03;18:00:00;110;G;1.0;G
2014-03-04;06:00:00;110;G;3.0;G
2014-03-04;12:00:00;140;G;5.0;G
2014-03-04;18:00:00;140;G;7.0;G
2014-03-05;06:00:00;140;G;3.0;G
2014-03-05;12:00:00;140;G;3.0;G
2014-03-05;18:00:00;90;G;1.0;G
2014-03-06;06:00:00;250;G;3.0;G
2014-03-06;12:00:00;200;G;5.0;G
2014-03-06;18:00:00;200;G;5.0;G
2014-03-07;06:00:00;200;G;7.0;G
2014-03-07;12:00:00;200;G;5.0;G
2014-03-07;18:00:00;200;G;7.0;G
2014-03-08;06:00:00;270;G;5.0;G
2014-03-08;12:00:00;270;G;7.0;G
2014-03-08;18:00:00;270;G;5.0;G
2014-03-09;06:00:00;230;G;5.0;G
2014-03-09;12:00:00;230;G;7.0;G
2014-03-09;18:00:00;230;G;5.0;G
2014-03-10;06:00:00;250;G;5.0;G
2014-03-10;12:00:00;290;G;7.0;G
2014-03-10;18:00:00;270;G;7.0;G
2014-03-11;06:00:00;290;G;3.0;G
2014-03-11;12:00:00;290;G;3.0;G
2014-03-11;18:00:00;200;G;3.0;G
2014-03-12;06:00:00;270;G;3.0;G
2014-03-12;12:00:00;270;G;3.0;G
2014-03-12;18:00:00;290;G;5.0;G
2014-03-13;06:00:00;250;G;3.0;G
2014-03-13;12:00:00;250;G;5.0;G
2014-03-13;18:00:00;270;G;7.0;G
2014-03-14;06:00:00;270;G;5.0;G
2014-03-14;12:00:00;270;G;5.0;G
2014-03-14;18:00:00;270;G;5.0;G
2014-03-15;06:00:00;360;G;12.0;G
2014-03-15;12:00:00;340;Y;12.0;G
2014-03-15;18:00:00;320;G;5.0;G
2014-03-16;06:00:00;320;G;5.0;G
2014-03-16;12:00:00;320;G;7.0;G
2014-03-16;18:00:00;360;G;3.0;G
2014-03-17;06:00:00;180;G;3.0;G
2014-03-17;12:00:00;340;G;3.0;G
2014-03-17;18:00:00;320;G;3.0;G
2014-03-18;06:00:00;250;G;5.0;G
2014-03-18;12:00:00;200;G;1.0;G
2014-03-18;18:00:00;50;G;1.0;G
2014-03-19;06:00:00;320;G;1.0;G
2014-03-19;12:00:00;180;G;3.0;G
2014-03-19;18:00:00;110;G;1.0;G
2014-03-20;06:00:00;110;G;3.0;G
2014-03-20;12:00:00;160;G;7.0;G
2014-03-20;18:00:00;230;G;5.0;G
2014-03-21;06:00:00;230;G;5.0;G
2014-03-21;12:00:00;270;G;7.0;G
2014-03-21;18:00:00;250;G;5.0;G
2014-03-22;06:00:00;250;G;5.0;G
2014-03-22;12:00:00;270;G;5.0;G
2014-03-22;18:00:00;160;G;5.0;G
2014-03-23;06:00:00;180;G;3.0;G
2014-03-23;12:00:00;270;G;3.0;G
2014-03-23;18:00:00;230;G;3.0;G
2014-03-24;06:00:00;250;G;3.0;G
2014-03-24;12:00:00;250;G;5.0;G
2014-03-24;18:00:00;290;G;3.0;G
2014-03-25;06:00:00;360;G;5.0;G
2014-03-25;12:00:00;50;G;5.0;G
2014-03-25;18:00:00;50;G;9.0;G
2014-03-26;06:00:00;70;G;7.0;G
2014-03-26;12:00:00;70;G;7.0;G
2014-03-26;18:00:00;70;G;5.0;G
2014-03-27;06:00:00;360;G;3.0;G
2014-03-27;12:00:00;50;G;5.0;G
2014-03-27;18:00:00;50;G;5.0;G
2014-03-28;06:00:00;360;G;3.0;G
2014-03-28;12:00:00;360;G;3.0;G
2014-03-28;18:00:00;50;G;1.0;G
2014-03-29;06:00:00;90;G;1.0;G
2014-03-29;12:00:00;230;G;3.0;G
2014-03-29;18:00:00;270;G;1.0;G
2014-03-30;06:00:00;360;G;3.0;G
2014-03-30;12:00:00;360;G;3.0;G
2014-03-30;18:00:00;110;G;3.0;G
2014-03-31;06:00:00;230;G;1.0;G
2014-03-31;12:00:00;340;G;3.0;G
2014-03-31;18:00:00;200;G;1.0;G
2014-04-01;06:00:00;320;G;5.0;G
2014-04-01;12:00:00;360;G;5.0;G
2014-04-01;18:00:00;360;G;1.0;G
2014-04-02;06:00:00;250;G;3.0;G
2014-04-02;12:00:00;250;G;3.0;G
2014-04-02;18:00:00;200;G;3.0;G
2014-04-03;06:00:00;360;G;1.0;G
2014-04-03;12:00:00;360;G;5.0;G
2014-04-03;18:00:00;360;G;1.0;G
2014-04-04;06:00:00;320;G;1.0;G
2014-04-04;12:00:00;230;Y;3.0;Y
2014-04-04;18:00:00;200;G;5.0;G
2014-04-05;06:00:00;230;G;1.0;G
2014-04-05;12:00:00;200;G;5.0;G
2014-04-05;18:00:00;200;G;5.0;G
2014-04-06;06:00:00;250;G;5.0;G
2014-04-06;12:00:00;290;G;7.0;G
2014-04-06;18:00:00;50;G;1.0;G
2014-04-07;06:00:00;140;G;1.0;G
2014-04-07;12:00:00;140;G;1.0;G
2014-04-07;18:00:00;360;G;5.0;G
2014-04-08;06:00:00;110;G;5.0;G
2014-04-08;12:00:00;110;G;5.0;G
2014-04-08;18:00:00;90;G;5.0;G
2014-04-09;06:00:00;70;G;7.0;G
2014-04-09;12:00:00;70;G;7.0;G
2014-04-09;18:00:00;70;G;5.0;G
2014-04-10;06:00:00;70;G;3.0;G
2014-04-10;12:00:00;110;G;5.0;G
2014-04-10;18:00:00;160;G;5.0;G
2014-04-11;06:00:00;230;G;3.0;G
2014-04-11;12:00:00;230;G;3.0;G
2014-04-11;18:00:00;230;G;5.0;G
2014-04-12;06:00:00;180;G;1.0;G
2014-04-12;12:00:00;270;G;7.0;G
2014-04-12;18:00:00;270;G;5.0;G
2014-04-13;06:00:00;250;G;5.0;G
2014-04-13;12:00:00;230;G;3.0;G
2014-04-13;18:00:00;250;G;3.0;G
2014-04-14;06:00:00;270;G;5.0;G
2014-04-14;12:00:00;290;G;5.0;G
2014-04-14;18:00:00;290;G;5.0;G
2014-04-15;06:00:00;360;G;7.0;G
2014-04-15;12:00:00;360;G;9.0;G
2014-04-15;18:00:00;20;G;1.0;G
2014-04-16;06:00:00;360;G;3.0;G
2014-04-16;12:00:00;270;G;5.0;G
2014-04-16;18:00:00;180;G;5.0;G
2014-04-17;06:00:00;230;G;5.0;G
2014-04-17;12:00:00;200;G;5.0;G
2014-04-17;18:00:00;180;G;5.0;G
2014-04-18;06:00:00;180;G;3.0;G
2014-04-18;12:00:00;110;G;1.0;G
2014-04-18;18:00:00;110;G;1.0;G
2014-04-19;06:00:00;0;G;0.0;G
2014-04-19;12:00:00;270;G;1.0;G
2014-04-19;18:00:00;180;G;3.0;G
2014-04-20;06:00:00;90;G;1.0;G
2014-04-20;12:00:00;70;G;5.0;G
2014-04-20;18:00:00;70;G;1.0;G
2014-04-21;06:00:00;50;G;3.0;G
2014-04-21;12:00:00;50;G;5.0;G
2014-04-21;18:00:00;90;G;3.0;G
2014-04-22;06:00:00;50;G;1.0;G
2014-04-22;12:00:00;20;G;5.0;G
2014-04-22;18:00:00;20;G;5.0;G
2014-04-23;06:00:00;50;G;5.0;G
2014-04-23;12:00:00;50;G;5.0;G
2014-04-23;18:00:00;50;G;3.0;G
2014-04-24;06:00:00;0;G;0.0;G
2014-04-24;12:00:00;140;G;3.0;G
2014-04-24;18:00:00;110;G;5.0;G
2014-04-25;05:00:00;50;Y;1.0;Y
2014-04-25;06:00:00;0;G;0.0;G
2014-04-25;12:00:00;110;G;3.0;G
2014-04-25;18:00:00;160;G;3.0;G
2014-04-26;06:00:00;180;G;1.0;G
2014-04-26;12:00:00;160;G;1.0;G
2014-04-26;18:00:00;180;G;5.0;G
2014-04-27;06:00:00;230;G;1.0;G
2014-04-27;12:00:00;70;G;3.0;G
2014-04-27;18:00:00;110;G;1.0;G
2014-04-28;06:00:00;230;G;3.0;G
2014-04-28;12:00:00;270;G;5.0;G
2014-04-28;18:00:00;270;G;5.0;G
2014-04-29;06:00:00;320;G;1.0;G
2014-04-29;12:00:00;340;G;5.0;G
2014-04-29;18:00:00;90;G;1.0;G
2014-04-30;06:00:00;50;G;1.0;G
2014-04-30;12:00:00;90;G;3.0;G
2014-04-30;18:00:00;160;G;5.0;G
2014-05-01;06:00:00;360;G;7.0;G
2014-05-01;12:00:00;360;G;7.0;G
2014-05-01;18:00:00;320;G;3.0;G
2014-05-02;06:00:00;320;G;3.0;G
2014-05-02;12:00:00;290;G;5.0;G
2014-05-02;18:00:00;140;G;1.0;G
2014-05-03;06:00:00;340;G;1.0;G
2014-05-03;12:00:00;290;G;5.0;G
2014-05-03;18:00:00;0;G;0.0;G
2014-05-04;06:00:00;360;G;5.0;G
2014-05-04;12:00:00;320;G;3.0;G
2014-05-04;18:00:00;360;G;3.0;G
2014-05-05;06:00:00;360;G;1.0;G
2014-05-05;12:00:00;320;G;5.0;G
2014-05-05;18:00:00;50;G;3.0;G
2014-05-06;06:00:00;360;G;1.0;G
2014-05-06;12:00:00;140;G;3.0;G
2014-05-06;18:00:00;160;G;3.0;G
2014-05-07;06:00:00;140;G;5.0;G
2014-05-07;12:00:00;90;G;1.0;G
2014-05-07;18:00:00;90;G;5.0;G
2014-05-08;06:00:00;50;G;5.0;G
2014-05-08;12:00:00;340;G;1.0;G
2014-05-08;18:00:00;0;G;0.0;G
2014-05-09;06:00:00;140;G;3.0;G
2014-05-09;12:00:00;180;G;3.0;G
2014-05-09;18:00:00;250;G;1.0;G
2014-05-10;06:00:00;60;G;3.0;G
2014-05-10;12:00:00;50;G;2.0;G
2014-05-10;18:00:00;90;G;1.0;G
2014-05-11;06:00:00;0;G;0.0;G
2014-05-11;12:00:00;110;G;1.0;G
2014-05-11;18:00:00;90;G;3.0;G
2014-05-12;06:00:00;50;G;1.0;G
2014-05-12;12:00:00;50;G;1.0;G
2014-05-12;18:00:00;90;G;3.0;G
2014-05-13;06:00:00;20;G;1.0;G
2014-05-13;12:00:00;50;G;3.0;G
2014-05-13;18:00:00;20;G;3.0;G
2014-05-14;06:00:00;20;G;3.0;G
2014-05-14;12:00:00;360;G;1.0;G
2014-05-14;18:00:00;70;G;3.0;G
2014-05-15;06:00:00;180;G;1.0;G
2014-05-15;12:00:00;200;G;5.0;G
2014-05-15;18:00:00;200;G;5.0;G
2014-05-16;06:00:00;270;G;5.0;G
2014-05-16;12:00:00;270;G;3.0;G
2014-05-16;18:00:00;160;G;1.0;G
2014-05-17;06:00:00;160;G;3.0;G
2014-05-17;12:00:00;200;G;3.0;G
2014-05-17;18:00:00;160;G;3.0;G
2014-05-18;06:00:00;0;G;0.0;G
2014-05-18;12:00:00;110;G;3.0;G
2014-05-18;18:00:00;70;G;3.0;G
2014-05-19;06:00:00;0;G;0.0;G
2014-05-19;12:00:00;20;G;1.0;G
2014-05-19;18:00:00;230;G;1.0;G
2014-05-20;06:00:00;180;G;1.0;G
2014-05-20;12:00:00;250;G;3.0;G
2014-05-20;18:00:00;230;G;3.0;G
2014-05-21;06:00:00;230;G;1.0;G
2014-05-21;12:00:00;250;G;5.0;G
2014-05-21;18:00:00;200;G;5.0;G
2014-05-22;06:00:00;180;G;1.0;G
2014-05-22;12:00:00;160;G;7.0;G
2014-05-22;18:00:00;160;G;3.0;G
2014-05-23;06:00:00;140;G;3.0;G
2014-05-23;12:00:00;160;G;7.0;G
2014-05-23;18:00:00;110;G;3.0;G
2014-05-24;06:00:00;140;G;3.0;G
2014-05-24;12:00:00;140;G;7.0;G
2014-05-24;18:00:00;180;G;3.0;G
2014-05-25;06:00:00;180;G;1.0;G
2014-05-25;12:00:00;250;G;5.0;G
2014-05-25;18:00:00;270;G;7.0;G
2014-05-26;06:00:00;230;G;3.0;G
2014-05-26;12:00:00;270;G;5.0;G
2014-05-26;18:00:00;360;G;7.0;G
2014-05-27;06:00:00;360;G;5.0;G
2014-05-27;12:00:00;360;G;9.0;G
2014-05-27;18:00:00;360;G;7.0;G
2014-05-28;06:00:00;20;G;5.0;G
2014-05-28;12:00:00;360;G;7.0;G
2014-05-28;18:00:00;360;G;5.0;G
2014-05-29;06:00:00;340;G;5.0;G
2014-05-29;12:00:00;360;G;7.0;G
2014-05-29;18:00:00;360;G;5.0;G
2014-05-30;06:00:00;320;G;5.0;G
2014-05-30;12:00:00;340;G;3.0;G
2014-05-30;18:00:00;340;G;3.0;G
2014-05-31;06:00:00;340;G;3.0;G
2014-05-31;12:00:00;320;G;5.0;G
2014-05-31;18:00:00;340;G;1.0;G
2014-06-01;06:00:00;360;G;1.0;G
2014-06-01;12:00:00;360;G;1.0;G
2014-06-01;18:00:00;110;G;1.0;G
2014-06-02;06:00:00;20;G;1.0;G
2014-06-02;12:00:00;20;G;5.0;G
2014-06-02;18:00:00;20;G;5.0;G
2014-06-03;06:00:00;360;G;3.0;G
2014-06-03;12:00:00;50;G;1.0;G
2014-06-03;18:00:00;70;G;3.0;G
2014-06-04;06:00:00;140;G;1.0;G
2014-06-04;12:00:00;110;G;1.0;G
2014-06-04;18:00:00;90;G;1.0;G
2014-06-05;06:00:00;70;G;1.0;G
2014-06-05;12:00:00;70;G;1.0;G
2014-06-05;18:00:00;180;G;3.0;G
2014-06-06;06:00:00;110;Y;1.0;Y
2014-06-06;12:00:00;110;G;3.0;G
2014-06-06;18:00:00;200;G;1.0;G
2014-06-07;06:00:00;200;G;1.0;G
2014-06-07;12:00:00;140;G;5.0;G
2014-06-07;18:00:00;180;G;3.0;G
2014-06-08;06:00:00;250;G;3.0;G
2014-06-08;12:00:00;290;G;5.0;G
2014-06-08;18:00:00;290;G;3.0;G
2014-06-09;06:00:00;270;G;3.0;G
2014-06-09;12:00:00;290;G;5.0;G
2014-06-09;18:00:00;340;G;3.0;G
2014-06-10;06:00:00;360;G;3.0;G
2014-06-10;12:00:00;340;G;5.0;G
2014-06-10;18:00:00;160;G;1.0;G
2014-06-11;06:00:00;180;G;1.0;G
2014-06-11;12:00:00;200;G;5.0;G
2014-06-11;18:00:00;180;G;5.0;G
2014-06-12;06:00:00;290;G;1.0;G
2014-06-12;12:00:00;270;G;1.0;G
2014-06-12;18:00:00;270;G;1.0;G
2014-06-13;06:00:00;360;G;1.0;G
2014-06-13;12:00:00;360;G;3.0;G
2014-06-13;18:00:00;360;G;5.0;G
2014-06-14;06:00:00;360;G;7.0;G
2014-06-14;12:00:00;360;G;9.0;G
2014-06-14;18:00:00;360;G;5.0;G
2014-06-15;06:00:00;340;G;1.0;G
2014-06-15;12:00:00;360;G;3.0;G
2014-06-15;18:00:00;110;G;1.0;G
2014-06-16;06:00:00;360;G;5.0;G
2014-06-16;12:00:00;320;G;5.0;G
2014-06-16;18:00:00;360;G;5.0;G
2014-06-17;06:00:00;360;G;5.0;G
2014-06-17;12:00:00;320;G;5.0;G
2014-06-17;18:00:00;0;G;0.0;G
2014-06-18;06:00:00;320;G;5.0;G
2014-06-18;12:00:00;320;G;5.0;G
2014-06-18;18:00:00;160;G;3.0;G
2014-06-19;06:00:00;140;G;3.0;G
2014-06-19;12:00:00;50;G;5.0;G
2014-06-19;18:00:00;50;G;1.0;G
2014-06-20;06:00:00;360;G;5.0;G
2014-06-20;12:00:00;320;G;5.0;G
2014-06-20;18:00:00;320;G;1.0;G
2014-06-21;06:00:00;320;G;1.0;G
2014-06-21;12:00:00;270;G;5.0;G
2014-06-21;18:00:00;270;G;3.0;G
2014-06-22;06:00:00;320;G;5.0;G
2014-06-22;12:00:00;320;G;1.0;G
2014-06-22;18:00:00;260;G;5.0;G
2014-06-23;06:00:00;340;G;5.0;G
2014-06-23;12:00:00;360;G;7.0;G
2014-06-23;18:00:00;320;G;5.0;G
2014-06-24;06:00:00;360;G;3.0;G
2014-06-24;12:00:00;360;G;5.0;G
2014-06-24;18:00:00;360;G;1.0;G
2014-06-25;06:00:00;360;G;3.0;G
2014-06-25;12:00:00;360;G;5.0;G
2014-06-25;18:00:00;50;G;3.0;G
2014-06-26;06:00:00;20;G;3.0;G
2014-06-26;12:00:00;50;G;3.0;G
2014-06-26;18:00:00;180;G;1.0;G
2014-06-27;06:00:00;50;G;1.0;G
2014-06-27;12:00:00;360;G;1.0;G
2014-06-27;18:00:00;230;G;1.0;G
2014-06-28;06:00:00;0;G;0.0;G
2014-06-28;12:00:00;110;G;1.0;G
2014-06-28;18:00:00;110;G;1.0;G
2014-06-29;06:00:00;0;G;0.0;G
2014-06-29;12:00:00;50;G;1.0;G
2014-06-29;18:00:00;50;G;1.0;G
2014-06-30;06:00:00;50;G;1.0;G
2014-06-30;12:00:00;360;G;1.0;G
2014-06-30;18:00:00;320;G;1.0;G
2014-07-01;06:00:00;320;G;3.0;G
2014-07-01;12:00:00;50;G;1.0;G
2014-07-01;18:00:00;0;G;0.0;G
2014-07-02;06:00:00;270;G;3.0;G
2014-07-02;12:00:00;270;G;3.0;G
2014-07-02;18:00:00;200;G;3.0;G
2014-07-03;06:00:00;230;G;5.0;G
2014-07-03;12:00:00;250;G;5.0;G
2014-07-03;18:00:00;250;G;5.0;G
2014-07-04;06:00:00;270;G;3.0;G
2014-07-04;12:00:00;250;G;5.0;G
2014-07-04;18:00:00;180;G;5.0;G
2014-07-05;06:00:00;180;G;1.0;G
2014-07-05;12:00:00;110;G;3.0;G
2014-07-05;18:00:00;110;G;3.0;G
2014-07-06;06:00:00;110;G;1.0;G
2014-07-06;12:00:00;50;G;1.0;G
2014-07-06;18:00:00;70;G;1.0;G
2014-07-07;06:00:00;90;G;1.0;G
2014-07-07;12:00:00;110;G;3.0;G
2014-07-07;18:00:00;110;G;1.0;G
2014-07-08;06:00:00;110;G;1.0;G
2014-07-08;12:00:00;90;G;3.0;G
2014-07-08;18:00:00;70;G;3.0;G
2014-07-09;06:00:00;70;G;1.0;G
2014-07-09;12:00:00;70;G;5.0;G
2014-07-09;18:00:00;70;G;3.0;G
2014-07-10;06:00:00;20;G;1.0;G
2014-07-10;12:00:00;70;G;3.0;G
2014-07-10;18:00:00;70;G;1.0;G
2014-07-11;06:00:00;70;G;3.0;G
2014-07-11;12:00:00;50;G;3.0;G
2014-07-11;18:00:00;70;G;3.0;G
2014-07-12;06:00:00;70;G;3.0;G
2014-07-12;12:00:00;50;G;5.0;G
2014-07-12;18:00:00;50;G;1.0;G
2014-07-13;06:00:00;50;G;3.0;G
2014-07-13;12:00:00;90;G;1.0;G
2014-07-13;18:00:00;90;G;1.0;G
2014-07-14;06:00:00;180;G;3.0;G
2014-07-14;12:00:00;140;G;5.0;G
2014-07-14;18:00:00;140;G;3.0;G
2014-07-15;06:00:00;250;G;3.0;G
2014-07-15;12:00:00;250;G;3.0;G
2014-07-15;18:00:00;270;G;3.0;G
2014-07-16;06:00:00;250;G;3.0;G
2014-07-16;12:00:00;230;G;3.0;G
2014-07-16;18:00:00;290;G;1.0;G
2014-07-17;06:00:00;270;G;1.0;G
2014-07-17;12:00:00;230;G;1.0;G
2014-07-17;18:00:00;180;G;3.0;G
2014-07-18;06:00:00;270;G;1.0;G
2014-07-18;12:00:00;230;G;3.0;G
2014-07-18;18:00:00;180;G;3.0;G
2014-07-19;06:00:00;0;G;0.0;G
2014-07-19;12:00:00;140;G;1.0;G
2014-07-19;18:00:00;140;G;1.0;G
2014-07-20;06:00:00;360;G;1.0;G
2014-07-20;12:00:00;23;G;2.0;G
2014-07-20;18:00:00;50;G;1.0;G
2014-07-21;06:00:00;20;G;3.0;G
2014-07-21;12:00:00;360;G;3.0;G
2014-07-21;18:00:00;360;G;1.0;G
2014-07-22;06:00:00;50;G;1.0;G
2014-07-22;12:00:00;90;G;3.0;G
2014-07-22;18:00:00;90;G;1.0;G
2014-07-23;06:00:00;50;G;1.0;G
2014-07-23;12:00:00;50;G;1.0;G
2014-07-23;18:00:00;270;G;1.0;G
2014-07-24;06:00:00;0;G;0.0;G
2014-07-24;12:00:00;50;G;1.0;G
2014-07-24;18:00:00;70;G;1.0;G
2014-07-25;06:00:00;70;G;1.0;G
2014-07-25;12:00:00;90;G;1.0;G
2014-07-25;18:00:00;110;G;1.0;G
2014-07-26;06:00:00;0;G;0.0;G
2014-07-26;12:00:00;110;G;3.0;G
2014-07-26;18:00:00;140;G;3.0;G
2014-07-27;06:00:00;0;G;0.0;G
2014-07-27;12:00:00;290;G;1.0;G
2014-07-27;18:00:00;320;G;1.0;G
2014-07-28;06:00:00;180;G;1.0;G
2014-07-28;12:00:00;200;G;1.0;G
2014-07-28;18:00:00;200;G;1.0;G
2014-07-29;06:00:00;0;G;0.0;G
2014-07-29;12:00:00;270;G;3.0;G
2014-07-29;18:00:00;180;G;1.0;G
2014-07-30;06:00:00;90;G;1.0;G
2014-07-30;12:00:00;180;G;3.0;G
2014-07-30;18:00:00;180;G;5.0;G
2014-07-31;06:00:00;270;G;3.0;G
2014-07-31;12:00:00;250;G;5.0;G
2014-07-31;18:00:00;270;G;3.0;G
2014-08-01;06:00:00;200;G;3.0;G
2014-08-01;12:00:00;220;G;3.0;G
2014-08-01;18:00:00;160;G;3.0;G
2014-08-02;06:00:00;0;G;0.0;G
2014-08-02;12:00:00;90;G;3.0;G
2014-08-02;18:00:00;90;G;1.0;G
2014-08-03;06:00:00;70;G;1.0;G
2014-08-03;12:00:00;100;G;3.0;G
2014-08-03;18:00:00;90;G;1.0;G
2014-08-04;06:00:00;110;G;1.0;G
2014-08-04;12:00:00;140;G;5.0;G
2014-08-04;18:00:00;140;G;3.0;G
2014-08-05;06:00:00;160;G;3.0;G
2014-08-05;12:00:00;110;G;1.0;G
2014-08-05;18:00:00;140;G;1.0;G
2014-08-06;06:00:00;70;G;3.0;G
2014-08-06;12:00:00;180;G;3.0;G
2014-08-06;18:00:00;250;G;1.0;G
2014-08-07;06:00:00;270;G;5.0;G
2014-08-07;12:00:00;270;G;3.0;G
2014-08-07;18:00:00;200;G;1.0;G
2014-08-08;06:00:00;250;G;1.0;G
2014-08-08;12:00:00;250;G;1.0;G
2014-08-08;18:00:00;200;G;1.0;G
2014-08-09;06:00:00;230;G;1.0;G
2014-08-09;12:00:00;230;G;1.0;G
2014-08-09;18:00:00;180;G;3.0;G
2014-08-10;06:00:00;270;G;3.0;G
2014-08-10;12:00:00;270;G;1.0;G
2014-08-10;18:00:00;270;G;1.0;G
2014-08-11;06:00:00;140;G;3.0;G
2014-08-11;12:00:00;200;G;5.0;G
2014-08-11;18:00:00;250;G;3.0;G
2014-08-12;06:00:00;230;G;1.0;G
2014-08-12;12:00:00;180;G;3.0;G
2014-08-12;18:00:00;230;G;5.0;G
2014-08-13;06:00:00;230;G;1.0;G
2014-08-13;12:00:00;230;G;3.0;G
2014-08-13;18:00:00;220;G;3.0;G
2014-08-14;06:00:00;230;G;1.0;G
2014-08-14;12:00:00;230;G;1.0;G
2014-08-14;18:00:00;230;G;3.0;G
2014-08-15;06:00:00;230;G;1.0;G
2014-08-15;12:00:00;180;G;1.0;G
2014-08-15;18:00:00;0;G;0.0;G
2014-08-16;06:00:00;360;G;1.0;G
2014-08-16;12:00:00;50;G;3.0;G
2014-08-16;18:00:00;200;G;1.0;G
2014-08-17;06:00:00;180;G;1.0;G
2014-08-17;12:00:00;200;G;3.0;G
2014-08-17;18:00:00;200;G;3.0;G
2014-08-18;06:00:00;200;G;3.0;G
2014-08-18;12:00:00;180;G;5.0;G
2014-08-18;18:00:00;200;G;5.0;G
2014-08-19;06:00:00;230;G;5.0;G
2014-08-19;12:00:00;200;G;5.0;G
2014-08-19;18:00:00;200;G;5.0;G
2014-08-20;06:00:00;200;G;5.0;G
2014-08-20;12:00:00;180;G;3.0;G
2014-08-20;18:00:00;250;G;1.0;G
2014-08-21;06:00:00;250;G;3.0;G
2014-08-21;12:00:00;230;G;3.0;G
2014-08-21;18:00:00;200;G;7.0;G
2014-08-22;06:00:00;230;G;3.0;G
2014-08-22;12:00:00;250;G;5.0;G
2014-08-22;18:00:00;200;G;5.0;G
2014-08-23;06:00:00;160;G;3.0;G
2014-08-23;12:00:00;140;G;3.0;G
2014-08-23;18:00:00;200;G;1.0;G
2014-08-24;06:00:00;200;G;1.0;G
2014-08-24;12:00:00;200;G;5.0;G
2014-08-24;18:00:00;200;G;1.0;G
2014-08-25;06:00:00;0;G;0.0;G
2014-08-25;12:00:00;70;G;7.0;G
2014-08-25;18:00:00;0;G;0.0;G
2014-08-26;06:00:00;320;G;3.0;G
2014-08-26;12:00:00;320;G;5.0;G
2014-08-26;18:00:00;320;G;5.0;G
2014-08-27;06:00:00;320;G;5.0;G
2014-08-27;12:00:00;340;G;5.0;G
2014-08-27;18:00:00;340;G;3.0;G
2014-08-28;06:00:00;320;G;1.0;G
2014-08-28;12:00:00;360;G;5.0;G
2014-08-28;18:00:00;360;G;3.0;G
2014-08-29;06:00:00;340;G;3.0;G
2014-08-29;12:00:00;340;G;3.0;G
2014-08-29;18:00:00;360;G;1.0;G
2014-08-30;06:00:00;360;G;1.0;G
2014-08-30;12:00:00;50;G;3.0;G
2014-08-30;18:00:00;90;G;1.0;G
2014-08-31;06:00:00;360;G;1.0;G
2014-08-31;12:00:00;50;G;3.0;G
2014-08-31;18:00:00;50;G;1.0;G
2014-09-01;06:00:00;90;G;1.0;G
2014-09-01;12:00:00;90;G;3.0;G
2014-09-01;18:00:00;90;G;1.0;G
2014-09-02;06:00:00;160;G;1.0;G
2014-09-02;12:00:00;200;G;1.0;G
2014-09-02;18:00:00;160;G;1.0;G
2014-09-03;06:00:00;250;G;3.0;G
2014-09-03;12:00:00;290;G;3.0;G
2014-09-03;18:00:00;270;G;1.0;G
2014-09-04;06:00:00;230;G;1.0;G
2014-09-04;12:00:00;250;G;5.0;G
2014-09-04;18:00:00;200;G;3.0;G
2014-09-05;06:00:00;200;G;3.0;G
2014-09-05;12:00:00;200;G;1.0;G
2014-09-05;18:00:00;180;G;1.0;G
2014-09-06;06:00:00;200;G;1.0;G
2014-09-06;12:00:00;140;G;3.0;G
2014-09-06;18:00:00;160;G;3.0;G
2014-09-07;06:00:00;140;G;1.0;G
2014-09-07;12:00:00;90;G;1.0;G
2014-09-07;18:00:00;110;G;1.0;G
2014-09-08;06:00:00;90;G;1.0;G
2014-09-08;12:00:00;110;G;3.0;G
2014-09-08;18:00:00;0;G;0.0;G
2014-09-09;06:00:00;140;G;1.0;G
2014-09-09;12:00:00;180;G;3.0;G
2014-09-09;18:00:00;140;G;1.0;G
2014-09-10;06:00:00;50;G;3.0;G
2014-09-10;12:00:00;50;G;3.0;G
2014-09-10;18:00:00;50;G;1.0;G
2014-09-11;06:00:00;360;G;1.0;G
2014-09-11;12:00:00;50;G;1.0;G
2014-09-11;18:00:00;180;G;3.0;G
2014-09-12;06:00:00;230;G;3.0;G
2014-09-12;12:00:00;0;G;0.0;G
2014-09-12;18:00:00;360;G;3.0;G
2014-09-13;06:00:00;360;G;3.0;G
2014-09-13;12:00:00;360;G;1.0;G
2014-09-13;18:00:00;50;G;1.0;G
2014-09-14;06:00:00;0;G;0.0;G
2014-09-14;12:00:00;50;G;3.0;G
2014-09-14;18:00:00;50;G;1.0;G
2014-09-15;06:00:00;90;G;1.0;G
2014-09-15;12:00:00;50;G;1.0;G
2014-09-15;18:00:00;140;G;1.0;G
2014-09-16;06:00:00;0;G;0.0;G
2014-09-16;12:00:00;90;G;1.0;G
2014-09-16;18:00:00;160;G;1.0;G
2014-09-17;06:00:00;0;G;0.0;G
2014-09-17;12:00:00;180;G;3.0;G
2014-09-17;18:00:00;140;G;1.0;G
2014-09-18;06:00:00;0;G;0.0;G
2014-09-18;12:00:00;180;G;1.0;G
2014-09-18;18:00:00;140;G;3.0;G
2014-09-19;06:00:00;0;G;0.0;G
2014-09-19;12:00:00;90;G;1.0;G
2014-09-19;18:00:00;90;G;1.0;G
2014-09-20;06:00:00;110;G;1.0;G
2014-09-20;12:00:00;160;G;3.0;G
2014-09-20;18:00:00;180;G;1.0;G
2014-09-21;06:00:00;200;G;1.0;G
2014-09-21;12:00:00;0;G;0.0;G
2014-09-21;18:00:00;360;G;5.0;G
2014-09-22;06:00:00;50;G;7.0;G
2014-09-22;12:00:00;360;G;7.0;G
2014-09-22;18:00:00;360;G;9.0;G
2014-09-23;06:00:00;20;G;5.0;G
2014-09-23;12:00:00;20;G;5.0;G
2014-09-23;18:00:00;360;G;1.0;G
2014-09-24;06:00:00;110;G;1.0;G
2014-09-24;12:00:00;50;G;3.0;G
2014-09-24;18:00:00;340;G;1.0;G
2014-09-25;06:00:00;70;G;1.0;G
2014-09-25;12:00:00;360;G;3.0;G
2014-09-25;18:00:00;0;G;0.0;G
2014-09-26;06:00:00;230;G;1.0;G
2014-09-26;12:00:00;200;G;5.0;G
2014-09-26;18:00:00;230;G;5.0;G
2014-09-27;06:00:00;270;G;5.0;G
2014-09-27;12:00:00;320;G;7.0;G
2014-09-27;18:00:00;270;G;5.0;G
2014-09-28;06:00:00;250;G;5.0;G
2014-09-28;12:00:00;270;G;5.0;G
2014-09-28;18:00:00;250;G;5.0;G
2014-09-29;06:00:00;250;G;3.0;G
2014-09-29;12:00:00;290;G;5.0;G
2014-09-29;18:00:00;290;G;1.0;G
2014-09-30;06:00:00;320;G;1.0;G
2014-09-30;12:00:00;340;G;3.0;G
2014-09-30;18:00:00;300;G;1.0;G
2014-10-01;06:00:00;0;G;0.0;G
2014-10-01;12:00:00;180;G;3.0;G
2014-10-01;18:00:00;140;G;1.0;G
2014-10-02;06:00:00;180;G;1.0;G
2014-10-02;12:00:00;200;Y;1.0;Y
2014-10-02;18:00:00;180;G;3.0;G
2014-10-03;06:00:00;140;G;3.0;G
2014-10-03;12:00:00;180;G;3.0;G
2014-10-03;18:00:00;180;G;1.0;G
2014-10-04;06:00:00;140;G;1.0;G
2014-10-04;12:00:00;140;G;1.0;G
2014-10-04;18:00:00;140;G;1.0;G
2014-10-05;06:00:00;140;G;1.0;G
2014-10-05;12:00:00;90;G;1.0;G
2014-10-05;18:00:00;90;G;1.0;G
2014-10-06;06:00:00;70;G;3.0;G
2014-10-06;12:00:00;90;G;3.0;G
2014-10-06;18:00:00;70;G;1.0;G
2014-10-07;06:00:00;90;G;5.0;G
2014-10-07;12:00:00;90;G;1.0;G
2014-10-07;18:00:00;110;G;5.0;G
2014-10-08;06:00:00;140;G;3.0;G
2014-10-08;12:00:00;140;G;1.0;G
2014-10-08;18:00:00;230;G;1.0;G
2014-10-09;06:00:00;140;G;3.0;G
2014-10-09;12:00:00;160;G;3.0;G
2014-10-09;18:00:00;200;G;3.0;G
2014-10-10;06:00:00;180;G;3.0;G
2014-10-10;12:00:00;230;G;5.0;G
2014-10-10;18:00:00;200;G;3.0;G
2014-10-11;06:00:00;250;G;5.0;G
2014-10-11;12:00:00;270;G;3.0;G
2014-10-11;18:00:00;0;G;0.0;G
2014-10-12;06:00:00;140;G;3.0;G
2014-10-12;12:00:00;110;G;3.0;G
2014-10-12;18:00:00;50;G;3.0;G
2014-10-13;06:00:00;270;G;3.0;G
2014-10-13;12:00:00;270;G;3.0;G
2014-10-13;18:00:00;250;G;1.0;G
2014-10-14;06:00:00;20;G;1.0;G
2014-10-14;12:00:00;50;G;1.0;G
2014-10-14;18:00:00;50;G;1.0;G
2014-10-15;06:00:00;20;G;5.0;G
2014-10-15;12:00:00;50;G;3.0;G
2014-10-15;18:00:00;20;G;1.0;G
2014-10-16;06:00:00;50;G;1.0;G
2014-10-16;12:00:00;20;G;1.0;G
2014-10-16;18:00:00;20;G;1.0;G
2014-10-17;06:00:00;50;G;3.0;G
2014-10-17;12:00:00;50;G;1.0;G
2014-10-17;18:00:00;0;G;0.0;G
2014-10-18;06:00:00;140;G;1.0;G
2014-10-18;12:00:00;180;G;3.0;G
2014-10-18;18:00:00;200;G;3.0;G
2014-10-19;06:00:00;230;G;3.0;G
2014-10-19;12:00:00;230;G;3.0;G
2014-10-19;18:00:00;230;G;1.0;G
2014-10-20;06:00:00;250;G;3.0;G
2014-10-20;12:00:00;360;G;5.0;G
2014-10-20;18:00:00;360;G;7.0;G
2014-10-21;06:00:00;360;G;1.0;G
2014-10-21;12:00:00;360;G;1.0;G
2014-10-21;18:00:00;110;G;3.0;G
2014-10-22;06:00:00;70;G;5.0;G
2014-10-22;12:00:00;90;G;3.0;G
2014-10-22;18:00:00;90;G;1.0;G
2014-10-23;06:00:00;110;G;3.0;G
2014-10-23;12:00:00;140;G;5.0;G
2014-10-23;18:00:00;140;G;3.0;G
2014-10-24;06:00:00;160;G;5.0;G
2014-10-24;12:00:00;160;G;5.0;G
2014-10-24;18:00:00;160;G;5.0;G
2014-10-25;06:00:00;200;G;5.0;G
2014-10-25;12:00:00;200;G;5.0;G
2014-10-25;18:00:00;200;G;5.0;G
2014-10-26;06:00:00;200;G;5.0;G
2014-10-26;12:00:00;230;G;5.0;G
2014-10-26;18:00:00;200;G;7.0;G
2014-10-27;06:00:00;230;G;5.0;G
2014-10-27;12:00:00;250;G;9.0;G
2014-10-27;18:00:00;250;G;5.0;G
2014-10-28;06:00:00;230;G;3.0;G
2014-10-28;12:00:00;250;G;5.0;G
2014-10-28;18:00:00;230;G;7.0;G
2014-10-29;06:00:00;230;G;5.0;G
2014-10-29;12:00:00;250;G;5.0;G
2014-10-29;18:00:00;290;G;1.0;G
2014-10-30;06:00:00;250;G;1.0;G
2014-10-30;12:00:00;290;G;5.0;G
2014-10-30;18:00:00;270;G;3.0;G
2014-10-31;06:00:00;270;G;1.0;G
2014-10-31;12:00:00;290;G;1.0;G
2014-10-31;18:00:00;0;G;0.0;G
2014-11-01;06:00:00;140;G;1.0;G
2014-11-01;12:00:00;110;G;3.0;G
2014-11-01;18:00:00;160;G;7.0;G
2014-11-02;06:00:00;200;G;5.0;G
2014-11-02;12:00:00;200;G;5.0;G
2014-11-02;18:00:00;200;G;5.0;G
2014-11-03;06:00:00;180;G;5.0;G
2014-11-03;12:00:00;180;G;5.0;G
2014-11-03;18:00:00;230;G;3.0;G
2014-11-04;06:00:00;140;G;3.0;G
2014-11-04;12:00:00;140;G;5.0;G
2014-11-04;18:00:00;230;G;5.0;G
2014-11-05;06:00:00;50;G;5.0;G
2014-11-05;12:00:00;360;Y;5.0;Y
2014-11-05;18:00:00;50;G;5.0;G
2014-11-06;06:00:00;340;G;7.0;G
2014-11-06;12:00:00;340;G;5.0;G
2014-11-06;18:00:00;360;G;5.0;G
2014-11-07;06:00:00;340;G;3.0;G
2014-11-07;12:00:00;340;G;3.0;G
2014-11-07;18:00:00;360;G;3.0;G
2014-11-08;06:00:00;320;G;1.0;G
2014-11-08;12:00:00;140;G;3.0;G
2014-11-08;18:00:00;160;G;1.0;G
2014-11-09;06:00:00;180;G;3.0;G
2014-11-09;12:00:00;200;G;1.0;G
2014-11-09;18:00:00;180;G;3.0;G
2014-11-10;06:00:00;140;G;1.0;G
2014-11-10;12:00:00;140;G;3.0;G
2014-11-10;18:00:00;180;G;1.0;G
2014-11-11;06:00:00;220;G;1.0;G
2014-11-11;12:00:00;250;G;3.0;G
2014-11-11;18:00:00;230;G;1.0;G
2014-11-12;06:00:00;0;G;0.0;G
2014-11-12;12:00:00;50;G;1.0;G
2014-11-12;18:00:00;70;G;1.0;G
2014-11-13;06:00:00;70;G;1.0;G
2014-11-13;12:00:00;90;G;5.0;G
2014-11-13;18:00:00;70;G;7.0;G
2014-11-14;06:00:00;70;G;3.0;G
2014-11-14;12:00:00;70;G;3.0;G
2014-11-14;18:00:00;110;G;3.0;G
2014-11-15;06:00:00;70;G;3.0;G
2014-11-15;12:00:00;90;G;5.0;G
2014-11-15;18:00:00;90;G;5.0;G
2014-11-16;06:00:00;90;G;5.0;G
2014-11-16;12:00:00;90;G;1.0;G
2014-11-16;18:00:00;90;G;5.0;G
2014-11-17;06:00:00;90;G;5.0;G
2014-11-17;12:00:00;50;G;5.0;G
2014-11-17;18:00:00;90;G;1.0;G
2014-11-18;06:00:00;90;G;1.0;G
2014-11-18;12:00:00;90;G;3.0;G
2014-11-18;18:00:00;140;G;3.0;G
2014-11-19;06:00:00;70;G;5.0;G
2014-11-19;12:00:00;90;G;5.0;G
2014-11-19;18:00:00;20;G;1.0;G
2014-11-20;06:00:00;90;G;1.0;G
2014-11-20;12:00:00;90;G;1.0;G
2014-11-20;18:00:00;90;G;1.0;G
2014-11-21;06:00:00;50;G;1.0;G
2014-11-21;12:00:00;360;G;1.0;G
2014-11-21;18:00:00;320;G;1.0;G
2014-11-22;06:00:00;290;G;1.0;G
2014-11-22;12:00:00;250;G;1.0;G
2014-11-22;18:00:00;250;G;1.0;G
2014-11-23;06:00:00;0;G;0.0;G
2014-11-23;12:00:00;180;G;5.0;G
2014-11-23;18:00:00;140;G;3.0;G
2014-11-24;06:00:00;200;G;7.0;G
2014-11-24;12:00:00;160;G;7.0;G
2014-11-24;18:00:00;180;G;3.0;G
2014-11-25;06:00:00;250;G;1.0;G
2014-11-25;12:00:00;270;G;1.0;G
2014-11-25;18:00:00;250;G;1.0;G
2014-11-26;06:00:00;250;G;3.0;G
2014-11-26;12:00:00;0;G;0.0;G
2014-11-26;18:00:00;0;G;0.0;G
2014-11-27;06:00:00;270;G;1.0;G
2014-11-27;12:00:00;50;G;1.0;G
2014-11-27;18:00:00;70;G;1.0;G
2014-11-28;06:00:00;160;G;3.0;G
2014-11-28;12:00:00;160;G;1.0;G
2014-11-28;18:00:00;140;G;1.0;G
2014-11-29;06:00:00;110;G;1.0;G
2014-11-29;12:00:00;140;G;3.0;G
2014-11-29;18:00:00;0;G;0.0;G
2014-11-30;06:00:00;0;G;0.0;G
2014-11-30;12:00:00;50;G;1.0;G
2014-11-30;18:00:00;0;G;0.0;G
2014-12-01;06:00:00;230;G;1.0;G
2014-12-01;12:00:00;230;G;1.0;G
2014-12-01;18:00:00;180;G;1.0;G
2014-12-02;06:00:00;140;G;5.0;G
2014-12-02;12:00:00;140;G;1.0;G
2014-12-02;18:00:00;140;G;5.0;G
2014-12-03;06:00:00;250;G;3.0;G
2014-12-03;12:00:00;270;G;5.0;G
2014-12-03;18:00:00;250;G;5.0;G
2014-12-04;06:00:00;250;G;3.0;G
2014-12-04;12:00:00;270;G;3.0;G
2014-12-04;18:00:00;290;G;1.0;G
2014-12-05;06:00:00;250;G;5.0;G
2014-12-05;12:00:00;180;G;1.0;G
2014-12-05;18:00:00;200;G;1.0;G
2014-12-06;06:00:00;250;G;3.0;G
2014-12-06;12:00:00;290;G;3.0;G
2014-12-06;18:00:00;270;G;1.0;G
2014-12-07;06:00:00;230;G;3.0;G
2014-12-07;12:00:00;230;G;7.0;G
2014-12-07;18:00:00;230;G;3.0;G
2014-12-08;06:00:00;230;G;3.0;G
2014-12-08;06:00:00;230;G;3.0;G
2014-12-08;12:00:00;250;G;5.0;G
2014-12-08;12:00:00;250;G;5.0;G
2014-12-08;18:00:00;230;G;3.0;G
2014-12-09;06:00:00;250;G;5.0;G
2014-12-09;12:00:00;270;G;5.0;G
2014-12-09;18:00:00;230;G;3.0;G
2014-12-10;06:00:00;200;G;9.0;G
2014-12-10;12:00:00;200;G;9.0;G
2014-12-10;18:00:00;230;G;5.0;G
2014-12-11;06:00:00;230;G;7.0;G
2014-12-11;12:00:00;200;G;5.0;G
2014-12-11;18:00:00;200;G;5.0;G
2014-12-12;06:00:00;200;G;3.0;G
2014-12-12;12:00:00;200;G;3.0;G
2014-12-12;18:00:00;140;G;3.0;G
2014-12-13;06:00:00;290;G;7.0;G
2014-12-13;12:00:00;250;G;5.0;G
2014-12-13;18:00:00;250;G;5.0;G
2014-12-14;06:00:00;250;G;3.0;G
2014-12-14;12:00:00;230;G;3.0;G
2014-12-14;18:00:00;200;G;5.0;G
2014-12-15;06:00:00;180;G;5.0;G
2014-12-15;12:00:00;180;G;7.0;G
2014-12-15;18:00:00;230;G;5.0;G
2014-12-16;06:00:00;250;G;5.0;G
2014-12-16;12:00:00;180;G;3.0;G
2014-12-16;18:00:00;180;G;3.0;G
2014-12-17;06:00:00;230;G;1.0;G
2014-12-17;12:00:00;320;G;1.0;G
2014-12-17;18:00:00;290;G;1.0;G
2014-12-18;06:00:00;180;G;1.0;G
2014-12-18;12:00:00;230;G;5.0;G
2014-12-18;18:00:00;200;G;3.0;G
2014-12-19;06:00:00;230;G;3.0;G
2014-12-19;12:00:00;250;G;7.0;G
2014-12-19;18:00:00;250;G;5.0;G
2014-12-20;06:00:00;250;G;5.0;G
2014-12-20;12:00:00;270;G;5.0;G
2014-12-20;18:00:00;290;Y;3.0;Y
2014-12-21;06:00:00;290;G;5.0;G
2014-12-21;12:00:00;290;G;5.0;G
2014-12-21;18:00:00;250;G;3.0;G
2014-12-22;06:00:00;110;G;1.0;G
2014-12-22;12:00:00;250;G;3.0;G
2014-12-22;18:00:00;290;G;7.0;G
2014-12-23;06:00:00;180;G;1.0;G
2014-12-23;12:00:00;270;G;3.0;G
2014-12-23;18:00:00;270;G;1.0;G
2014-12-24;06:00:00;270;G;3.0;G
2014-12-24;12:00:00;290;G;3.0;G
2014-12-24;18:00:00;360;G;5.0;G
2014-12-25;06:00:00;320;G;5.0;G
2014-12-25;12:00:00;320;G;3.0;G
2014-12-25;18:00:00;290;G;3.0;G
2014-12-26;06:00:00;250;G;5.0;G
2014-12-26;12:00:00;270;G;5.0;G
2014-12-26;18:00:00;270;G;3.0;G
2014-12-27;06:00:00;340;G;3.0;G
2014-12-27;12:00:00;320;G;1.0;G
2014-12-27;18:00:00;320;G;5.0;G
2014-12-28;06:00:00;290;G;3.0;G
2014-12-28;12:00:00;320;G;3.0;G
2014-12-28;18:00:00;320;G;1.0;G
2014-12-29;06:00:00;320;G;1.0;G
2014-12-29;12:00:00;270;G;1.0;G
2014-12-29;18:00:00;230;G;3.0;G
2014-12-30;06:00:00;270;G;3.0;G
2014-12-30;12:00:00;270;G;3.0;G
2014-12-30;18:00:00;250;G;5.0;G
2014-12-31;06:00:00;270;G;1.0;G
2014-12-31;12:00:00;270;G;1.0;G
2014-12-31;18:00:00;270;G;1.0;G
2015-01-01;06:00:00;270;G;1.0;G
2015-01-01;12:00:00;270;G;5.0;G
2015-01-01;18:00:00;270;G;3.0;G
2015-01-02;06:00:00;270;G;1.0;G
2015-01-02;12:00:00;270;G;3.0;G
2015-01-02;18:00:00;230;G;5.0;G
2015-01-03;06:00:00;270;G;7.0;G
2015-01-03;12:00:00;320;G;7.0;G
2015-01-03;18:00:00;270;G;5.0;G
2015-01-04;06:00:00;320;G;3.0;G
2015-01-04;12:00:00;320;G;7.0;G
2015-01-04;18:00:00;320;G;5.0;G
2015-01-05;06:00:00;270;G;1.0;G
2015-01-05;12:00:00;340;G;5.0;G
2015-01-05;18:00:00;360;G;1.0;G
2015-01-06;06:00:00;140;G;3.0;G
2015-01-06;12:00:00;140;G;5.0;G
2015-01-06;18:00:00;180;G;5.0;G
2015-01-07;06:00:00;200;G;5.0;G
2015-01-07;12:00:00;200;G;3.0;G
2015-01-07;18:00:00;200;G;3.0;G
2015-01-08;06:00:00;200;G;7.0;G
2015-01-08;12:00:00;250;G;5.0;G
2015-01-08;18:00:00;270;G;3.0;G
2015-01-09;06:00:00;250;G;3.0;G
2015-01-09;12:00:00;270;G;5.0;G
2015-01-09;18:00:00;320;G;3.0;G
2015-01-10;06:00:00;270;G;1.0;G
2015-01-10;12:00:00;140;G;5.0;G
2015-01-10;18:00:00;250;G;5.0;G
2015-01-11;06:00:00;320;G;3.0;G
2015-01-11;12:00:00;340;G;7.0;G
2015-01-11;18:00:00;360;G;5.0;G
2015-01-12;06:00:00;0;G;0.0;G
2015-01-12;12:00:00;110;G;5.0;G
2015-01-12;18:00:00;230;G;5.0;G
2015-01-13;06:00:00;270;G;7.0;G
2015-01-13;12:00:00;250;G;5.0;G
2015-01-13;18:00:00;200;G;3.0;G
2015-01-14;06:00:00;250;G;5.0;G
2015-01-14;12:00:00;230;G;5.0;G
2015-01-14;18:00:00;230;G;3.0;G
2015-01-15;06:00:00;230;G;5.0;G
2015-01-15;12:00:00;180;G;5.0;G
2015-01-15;18:00:00;160;G;7.0;G
2015-01-16;06:00:00;180;G;5.0;G
2015-01-16;12:00:00;200;G;7.0;G
2015-01-16;18:00:00;230;G;7.0;G
2015-01-17;06:00:00;230;G;5.0;G
2015-01-17;12:00:00;230;G;5.0;G
2015-01-17;18:00:00;230;G;5.0;G
2015-01-18;06:00:00;250;G;5.0;G
2015-01-18;12:00:00;250;G;5.0;G
2015-01-18;18:00:00;230;G;5.0;G
2015-01-19;06:00:00;270;G;1.0;G
2015-01-19;12:00:00;20;G;1.0;G
2015-01-19;18:00:00;50;G;3.0;G
2015-01-20;06:00:00;50;G;3.0;G
2015-01-20;12:00:00;90;G;5.0;G
2015-01-20;18:00:00;90;G;5.0;G
2015-01-21;06:00:00;290;G;5.0;G
2015-01-21;12:00:00;70;G;5.0;G
2015-01-21;18:00:00;70;G;5.0;G
2015-01-22;06:00:00;50;G;5.0;G
2015-01-22;12:00:00;50;G;1.0;G
2015-01-22;18:00:00;360;G;1.0;G
2015-01-23;06:00:00;290;G;5.0;G
2015-01-23;12:00:00;290;G;3.0;G
2015-01-23;18:00:00;270;G;1.0;G
2015-01-24;06:00:00;200;G;3.0;G
2015-01-24;12:00:00;230;G;5.0;G
2015-01-24;18:00:00;200;G;1.0;G
2015-01-25;06:00:00;230;G;3.0;G
2015-01-25;12:00:00;270;G;3.0;G
2015-01-25;18:00:00;270;G;1.0;G
2015-01-26;06:00:00;200;G;5.0;G
2015-01-26;12:00:00;200;G;3.0;G
2015-01-26;18:00:00;180;G;5.0;G
2015-01-27;06:00:00;270;G;1.0;G
2015-01-27;12:00:00;360;G;5.0;G
2015-01-27;18:00:00;320;G;3.0;G
2015-01-28;06:00:00;230;G;3.0;G
2015-01-28;12:00:00;230;G;7.0;G
2015-01-28;18:00:00;230;G;7.0;G
2015-01-29;06:00:00;160;G;1.0;G
2015-01-29;12:00:00;180;G;5.0;G
2015-01-29;18:00:00;180;G;5.0;G
2015-01-30;06:00:00;160;G;3.0;G
2015-01-30;12:00:00;180;G;5.0;G
2015-01-30;18:00:00;140;G;5.0;G
2015-01-31;06:00:00;90;G;3.0;G
2015-01-31;12:00:00;70;G;3.0;G
2015-01-31;18:00:00;50;G;3.0;G
2015-02-01;06:00:00;360;G;3.0;G
2015-02-01;12:00:00;50;G;3.0;G
2015-02-01;18:00:00;50;G;3.0;G
2015-02-02;06:00:00;320;G;3.0;G
2015-02-02;12:00:00;320;G;3.0;G
2015-02-02;18:00:00;340;G;1.0;G
2015-02-03;06:00:00;360;G;5.0;G
2015-02-03;12:00:00;360;G;3.0;G
2015-02-03;18:00:00;360;G;3.0;G
2015-02-04;06:00:00;360;G;5.0;G
2015-02-04;12:00:00;360;G;1.0;G
2015-02-04;18:00:00;360;G;3.0;G
2015-02-05;06:00:00;360;G;3.0;G
2015-02-05;12:00:00;320;G;1.0;G
2015-02-05;18:00:00;320;G;3.0;G
2015-02-06;06:00:00;250;G;5.0;G
2015-02-06;12:00:00;270;G;5.0;G
2015-02-06;18:00:00;270;G;5.0;G
2015-02-07;06:00:00;270;Y;5.0;Y
2015-02-07;12:00:00;290;G;5.0;G
2015-02-07;18:00:00;290;G;7.0;G
2015-02-08;06:00:00;320;G;9.0;G
2015-02-08;12:00:00;320;G;7.0;G
2015-02-08;18:00:00;270;G;5.0;G
2015-02-09;06:00:00;290;G;5.0;G
2015-02-09;12:00:00;290;G;5.0;G
2015-02-09;18:00:00;270;G;3.0;G
2015-02-10;06:00:00;270;G;3.0;G
2015-02-10;12:00:00;270;G;3.0;G
2015-02-10;18:00:00;270;G;1.0;G
2015-02-11;06:00:00;270;G;3.0;G
2015-02-11;12:00:00;250;G;5.0;G
2015-02-11;18:00:00;250;G;7.0;G
2015-02-12;06:00:00;270;G;7.0;G
2015-02-12;12:00:00;270;G;7.0;G
2015-02-12;18:00:00;270;G;3.0;G
2015-02-13;06:00:00;270;G;1.0;G
2015-02-13;12:00:00;270;G;7.0;G
2015-02-13;18:00:00;250;G;1.0;G
2015-02-14;06:00:00;270;G;5.0;G
2015-02-14;12:00:00;270;G;5.0;G
2015-02-14;18:00:00;360;G;5.0;G
2015-02-15;06:00:00;90;G;5.0;G
2015-02-15;12:00:00;90;G;3.0;G
2015-02-15;18:00:00;90;G;1.0;G
2015-02-16;06:00:00;90;G;1.0;G
2015-02-16;12:00:00;140;G;7.0;G
2015-02-16;18:00:00;140;G;7.0;G
2015-02-17;06:00:00;200;G;7.0;G
2015-02-17;12:00:00;180;G;5.0;G
2015-02-17;18:00:00;230;G;5.0;G
2015-02-18;06:00:00;270;G;3.0;G
2015-02-18;12:00:00;270;G;5.0;G
2015-02-18;18:00:00;250;G;5.0;G
2015-02-19;06:00:00;270;G;7.0;G
2015-02-19;12:00:00;250;G;7.0;G
2015-02-19;18:00:00;250;G;7.0;G
2015-02-20;06:00:00;250;G;7.0;G
2015-02-20;12:00:00;250;G;4.0;G
2015-02-20;18:00:00;230;G;5.0;G
2015-02-21;06:00:00;230;G;5.0;G
2015-02-21;12:00:00;230;G;3.0;G
2015-02-21;18:00:00;110;G;1.0;G
2015-02-22;06:00:00;270;G;3.0;G
2015-02-22;12:00:00;250;G;5.0;G
2015-02-22;18:00:00;230;G;3.0;G
2015-02-23;06:00:00;180;G;3.0;G
2015-02-23;12:00:00;160;G;7.0;G
2015-02-23;18:00:00;160;G;7.0;G
2015-02-24;06:00:00;180;G;1.0;G
2015-02-24;12:00:00;200;G;5.0;G
2015-02-24;18:00:00;180;G;3.0;G
2015-02-25;06:00:00;200;G;5.0;G
2015-02-25;12:00:00;230;G;3.0;G
2015-02-25;18:00:00;200;G;3.0;G
2015-02-26;06:00:00;180;G;1.0;G
2015-02-26;12:00:00;180;G;5.0;G
2015-02-26;18:00:00;180;G;3.0;G
2015-02-27;06:00:00;160;G;5.0;G
2015-02-27;12:00:00;160;G;5.0;G
2015-02-27;18:00:00;180;G;3.0;G
2015-02-28;06:00:00;200;G;3.0;G
2015-02-28;12:00:00;200;G;3.0;G
2015-02-28;18:00:00;180;G;3.0;G
2015-03-01;06:00:00;160;G;5.0;G
2015-03-01;12:00:00;160;G;7.0;G
2015-03-01;18:00:00;160;G;7.0;G
2015-03-02;06:00:00;230;G;1.0;G
2015-03-02;12:00:00;230;G;1.0;G
2015-03-02;18:00:00;140;G;1.0;G
2015-03-03;06:00:00;50;G;1.0;G
2015-03-03;12:00:00;50;G;1.0;G
2015-03-03;18:00:00;270;G;3.0;G
2015-03-04;06:00:00;290;G;3.0;G
2015-03-04;12:00:00;250;G;3.0;G
2015-03-04;18:00:00;320;G;1.0;G
2015-03-05;06:00:00;270;G;1.0;G
2015-03-05;12:00:00;270;G;1.0;G
2015-03-05;18:00:00;230;G;3.0;G
2015-03-06;06:00:00;230;G;5.0;G
2015-03-06;12:00:00;230;G;5.0;G
2015-03-06;18:00:00;320;G;1.0;G
2015-03-07;06:00:00;230;G;5.0;G
2015-03-07;12:00:00;180;G;7.0;G
2015-03-07;18:00:00;230;G;5.0;G
2015-03-08;06:00:00;250;G;9.0;G
2015-03-08;12:00:00;250;G;9.0;G
2015-03-08;18:00:00;250;G;7.0;G
2015-03-09;06:00:00;290;G;5.0;G
2015-03-09;12:00:00;270;G;5.0;G
2015-03-09;18:00:00;200;G;3.0;G
2015-03-10;06:00:00;200;G;7.0;G
2015-03-10;12:00:00;250;G;9.0;G
2015-03-10;18:00:00;250;G;7.0;G
2015-03-11;06:00:00;360;G;5.0;G
2015-03-11;12:00:00;360;G;5.0;G
2015-03-11;18:00:00;20;G;3.0;G
2015-03-12;06:00:00;90;G;1.0;G
2015-03-12;12:00:00;90;G;1.0;G
2015-03-12;18:00:00;140;G;3.0;G
2015-03-13;06:00:00;90;G;1.0;G
2015-03-13;12:00:00;70;G;5.0;G
2015-03-13;18:00:00;70;G;5.0;G
2015-03-14;06:00:00;20;G;1.0;G
2015-03-14;12:00:00;70;G;5.0;G
2015-03-14;18:00:00;50;G;5.0;G
2015-03-15;06:00:00;50;G;3.0;G
2015-03-15;12:00:00;50;G;3.0;G
2015-03-15;18:00:00;50;G;3.0;G
2015-03-16;06:00:00;90;G;3.0;G
2015-03-16;12:00:00;110;G;3.0;G
2015-03-16;18:00:00;110;G;3.0;G
2015-03-17;06:00:00;90;G;1.0;G
2015-03-17;12:00:00;140;G;3.0;G
2015-03-17;18:00:00;110;G;3.0;G
2015-03-18;06:00:00;140;G;1.0;G
2015-03-18;12:00:00;180;G;3.0;G
2015-03-18;18:00:00;160;G;3.0;G
2015-03-19;06:00:00;230;G;3.0;G
2015-03-19;12:00:00;270;G;5.0;G
2015-03-19;18:00:00;270;G;3.0;G
2015-03-20;06:00:00;20;G;1.0;G
2015-03-20;12:00:00;50;G;1.0;G
2015-03-20;18:00:00;50;G;3.0;G
2015-03-21;06:00:00;360;G;5.0;G
2015-03-21;12:00:00;340;G;5.0;G
2015-03-21;18:00:00;360;G;3.0;G
2015-03-22;06:00:00;250;G;3.0;G
2015-03-22;12:00:00;250;G;7.0;G
2015-03-22;18:00:00;250;G;5.0;G
2015-03-23;06:00:00;250;G;7.0;G
2015-03-23;12:00:00;250;G;7.0;G
2015-03-23;18:00:00;270;G;7.0;G
2015-03-24;06:00:00;270;G;5.0;G
2015-03-24;12:00:00;360;G;1.0;G
2015-03-24;18:00:00;110;G;1.0;G
2015-03-25;06:00:00;20;G;1.0;G
2015-03-25;12:00:00;50;G;1.0;G
2015-03-25;18:00:00;20;G;3.0;G
2015-03-26;06:00:00;90;G;5.0;G
2015-03-26;12:00:00;90;G;5.0;G
2015-03-26;18:00:00;90;G;5.0;G
2015-03-27;06:00:00;90;G;3.0;G
2015-03-27;12:00:00;180;G;1.0;G
2015-03-27;18:00:00;270;G;3.0;G
2015-03-28;06:00:00;270;G;3.0;G
2015-03-28;12:00:00;290;G;3.0;G
2015-03-28;18:00:00;200;G;3.0;G
2015-03-29;06:00:00;160;G;7.0;G
2015-03-29;12:00:00;140;G;7.0;G
2015-03-29;18:00:00;180;G;3.0;G
2015-03-30;06:00:00;140;G;3.0;G
2015-03-30;12:00:00;50;G;5.0;G
2015-03-30;18:00:00;360;G;3.0;G
2015-03-31;06:00:00;270;G;5.0;G
2015-03-31;12:00:00;270;G;5.0;G
2015-03-31;18:00:00;180;G;5.0;G
2015-04-01;06:00:00;200;G;1.0;G
2015-04-01;12:00:00;270;G;3.0;G
2015-04-01;18:00:00;20;G;3.0;G
2015-04-02;06:00:00;320;G;3.0;G
2015-04-02;12:00:00;320;G;5.0;G
2015-04-02;18:00:00;320;G;3.0;G
2015-04-03;06:00:00;320;G;3.0;G
2015-04-03;12:00:00;340;G;3.0;G
2015-04-03;18:00:00;340;G;3.0;G
2015-04-04;06:00:00;340;G;5.0;G
2015-04-04;12:00:00;360;G;7.0;G
2015-04-04;18:00:00;360;G;7.0;G
2015-04-05;06:00:00;320;G;5.0;G
2015-04-05;12:00:00;20;G;3.0;G
2015-04-05;18:00:00;20;G;3.0;G
2015-04-06;06:00:00;0;G;0.0;G
2015-04-06;12:00:00;270;G;5.0;G
2015-04-06;18:00:00;230;G;3.0;G
2015-04-07;06:00:00;270;G;7.0;G
2015-04-07;12:00:00;320;G;5.0;G
2015-04-07;18:00:00;320;G;1.0;G
2015-04-08;06:00:00;320;G;5.0;G
2015-04-08;12:00:00;320;G;7.0;G
2015-04-08;18:00:00;290;G;3.0;G
2015-04-09;06:00:00;250;G;5.0;G
2015-04-09;12:00:00;250;G;7.0;G
2015-04-09;18:00:00;250;G;5.0;G
2015-04-10;06:00:00;250;G;5.0;G
2015-04-10;12:00:00;270;G;7.0;G
2015-04-10;18:00:00;290;G;5.0;G
2015-04-11;06:00:00;270;G;1.0;G
2015-04-11;12:00:00;250;G;3.0;G
2015-04-11;18:00:00;160;G;3.0;G
2015-04-12;06:00:00;250;G;5.0;G
2015-04-12;12:00:00;270;G;9.0;G
2015-04-12;18:00:00;250;G;7.0;G
2015-04-13;06:00:00;270;G;3.0;G
2015-04-13;12:00:00;320;G;5.0;G
2015-04-13;18:00:00;320;G;5.0;G
2015-04-14;06:00:00;270;G;5.0;G
2015-04-14;12:00:00;270;G;5.0;G
2015-04-14;18:00:00;230;G;1.0;G
2015-04-15;06:00:00;270;G;1.0;G
2015-04-15;12:00:00;250;G;5.0;G
2015-04-15;18:00:00;230;G;1.0;G
2015-04-16;06:00:00;290;G;5.0;G
2015-04-16;12:00:00;290;G;5.0;G
2015-04-16;18:00:00;360;G;5.0;G
2015-04-17;06:00:00;360;G;5.0;G
2015-04-17;12:00:00;360;G;7.0;G
2015-04-17;18:00:00;360;G;5.0;G
2015-04-18;06:00:00;340;G;5.0;G
2015-04-18;12:00:00;340;G;5.0;G
2015-04-18;18:00:00;50;G;5.0;G
2015-04-19;06:00:00;320;G;5.0;G
2015-04-19;12:00:00;320;G;5.0;G
2015-04-19;18:00:00;360;G;5.0;G
2015-04-20;06:00:00;360;G;5.0;G
2015-04-20;12:00:00;320;G;5.0;G
2015-04-20;18:00:00;0;G;0.0;G
2015-04-21;06:00:00;360;G;5.0;G
2015-04-21;12:00:00;320;G;3.0;G
2015-04-21;18:00:00;160;G;3.0;G
2015-04-22;06:00:00;360;G;3.0;G
2015-04-22;12:00:00;290;G;5.0;G
2015-04-22;18:00:00;270;G;1.0;G
2015-04-23;06:00:00;320;G;7.0;G
2015-04-23;12:00:00;320;G;7.0;G
2015-04-23;18:00:00;90;G;1.0;G
2015-04-24;06:00:00;320;G;5.0;G
2015-04-24;12:00:00;290;G;5.0;G
2015-04-24;18:00:00;270;G;3.0;G
2015-04-25;06:00:00;180;G;3.0;G
2015-04-25;12:00:00;200;G;9.0;G
2015-04-25;18:00:00;140;G;5.0;G
2015-04-26;06:00:00;230;G;1.0;G
2015-04-26;12:00:00;290;G;5.0;G
2015-04-26;18:00:00;270;G;5.0;G
2015-04-27;06:00:00;340;G;1.0;G
2015-04-27;12:00:00;230;G;3.0;G
2015-04-27;18:00:00;180;G;3.0;G
2015-04-28;06:00:00;270;G;3.0;G
2015-04-28;12:00:00;270;G;1.0;G
2015-04-28;18:00:00;110;G;3.0;G
2015-04-29;06:00:00;270;G;3.0;G
2015-04-29;12:00:00;290;G;7.0;G
2015-04-29;18:00:00;290;G;3.0;G
2015-04-30;06:00:00;180;G;1.0;G
2015-04-30;12:00:00;160;G;7.0;G
2015-04-30;18:00:00;160;G;5.0;G
2015-05-01;06:00:00;140;G;1.0;G
2015-05-01;12:00:00;50;G;1.0;G
2015-05-01;18:00:00;50;G;3.0;G
2015-05-02;06:00:00;360;G;5.0;G
2015-05-02;12:00:00;360;G;5.0;G
2015-05-02;18:00:00;320;G;5.0;G
2015-05-03;06:00:00;320;G;1.0;G
2015-05-03;12:00:00;270;G;3.0;G
2015-05-03;18:00:00;230;G;3.0;G
2015-05-04;06:00:00;90;G;1.0;G
2015-05-04;12:00:00;90;G;7.0;G
2015-05-04;18:00:00;90;G;1.0;G
2015-05-05;06:00:00;160;G;3.0;G
2015-05-05;12:00:00;90;G;1.0;G
2015-05-05;18:00:00;110;G;3.0;G
2015-05-06;06:00:00;160;G;3.0;G
2015-05-06;12:00:00;270;G;5.0;G
2015-05-06;18:00:00;230;G;3.0;G
2015-05-07;06:00:00;230;G;1.0;G
2015-05-07;12:00:00;140;G;5.0;G
2015-05-07;18:00:00;230;G;1.0;G
2015-05-08;06:00:00;250;G;5.0;G
2015-05-08;12:00:00;250;G;7.0;G
2015-05-08;18:00:00;270;G;7.0;G
2015-05-09;06:00:00;270;G;3.0;G
2015-05-09;12:00:00;270;G;3.0;G
2015-05-09;18:00:00;180;G;3.0;G
2015-05-10;06:00:00;0;G;0.0;G
2015-05-10;12:00:00;270;G;3.0;G
2015-05-10;18:00:00;320;G;1.0;G
2015-05-11;06:00:00;0;G;0.0;G
2015-05-11;12:00:00;230;Y;5.0;Y
2015-05-11;18:00:00;250;G;3.0;G
2015-05-12;06:00:00;230;G;3.0;G
2015-05-12;12:00:00;160;G;5.0;G
2015-05-12;18:00:00;180;G;1.0;G
2015-05-13;06:00:00;270;G;7.0;G
2015-05-13;12:00:00;270;G;5.0;G
2015-05-13;18:00:00;270;G;1.0;G
2015-05-14;06:00:00;360;G;1.0;G
2015-05-14;12:00:00;230;G;5.0;G
2015-05-14;18:00:00;340;G;5.0;G
2015-05-15;06:00:00;320;G;5.0;G
2015-05-15;12:00:00;340;G;5.0;G
2015-05-15;18:00:00;340;G;1.0;G
2015-05-16;06:00:00;20;G;1.0;G
2015-05-16;12:00:00;110;G;5.0;G
2015-05-16;18:00:00;140;G;5.0;G
2015-05-17;06:00:00;110;G;3.0;G
2015-05-17;12:00:00;270;G;3.0;G
2015-05-17;18:00:00;360;G;1.0;G
2015-05-18;06:00:00;320;G;1.0;G
2015-05-18;12:00:00;340;G;3.0;G
2015-05-18;18:00:00;320;G;1.0;G
2015-05-19;06:00:00;110;G;1.0;G
2015-05-19;12:00:00;110;G;3.0;G
2015-05-19;18:00:00;140;G;3.0;G
2015-05-20;06:00:00;230;G;3.0;G
2015-05-20;12:00:00;200;G;5.0;G
2015-05-20;18:00:00;200;G;3.0;G
2015-05-21;06:00:00;0;G;0.0;G
2015-05-21;12:00:00;250;G;5.0;G
2015-05-21;18:00:00;180;G;3.0;G
2015-05-22;06:00:00;270;G;3.0;G
2015-05-22;12:00:00;200;G;5.0;G
2015-05-22;18:00:00;200;G;5.0;G
2015-05-23;06:00:00;270;G;7.0;G
2015-05-23;12:00:00;270;G;5.0;G
2015-05-23;18:00:00;270;G;5.0;G
2015-05-24;06:00:00;270;G;3.0;G
2015-05-24;12:00:00;250;G;3.0;G
2015-05-24;18:00:00;180;G;3.0;G
2015-05-25;06:00:00;230;G;3.0;G
2015-05-25;12:00:00;200;G;3.0;G
2015-05-25;18:00:00;200;G;5.0;G
2015-05-26;06:00:00;160;G;1.0;G
2015-05-26;12:00:00;250;G;5.0;G
2015-05-26;18:00:00;200;G;3.0;G
2015-05-27;06:00:00;270;G;3.0;G
2015-05-27;12:00:00;270;G;5.0;G
2015-05-27;18:00:00;250;G;3.0;G
2015-05-28;06:00:00;250;G;1.0;G
2015-05-28;12:00:00;200;G;5.0;G
2015-05-28;18:00:00;160;G;5.0;G
2015-05-29;06:00:00;230;G;5.0;G
2015-05-29;12:00:00;230;G;5.0;G
2015-05-29;18:00:00;230;G;5.0;G
2015-05-30;06:00:00;140;G;3.0;G
2015-05-30;12:00:00;110;G;3.0;G
2015-05-30;18:00:00;160;G;3.0;G
2015-05-31;06:00:00;200;G;5.0;G
2015-05-31;12:00:00;200;G;7.0;G
2015-05-31;18:00:00;200;G;5.0;G
2015-06-01;06:00:00;160;G;7.0;G
2015-06-01;12:00:00;230;G;5.0;G
2015-06-01;18:00:00;250;Y;5.0;Y
2015-06-01;20:00:00;250;Y;5.0;Y
2015-06-02;06:00:00;180;G;3.0;G
2015-06-02;12:00:00;180;G;5.0;G
2015-06-02;18:00:00;160;G;7.0;G
2015-06-03;06:00:00;250;G;5.0;G
2015-06-03;12:00:00;250;G;7.0;G
2015-06-03;18:00:00;230;G;7.0;G
2015-06-04;06:00:00;270;G;7.0;G
2015-06-04;12:00:00;270;G;5.0;G
2015-06-04;18:00:00;270;G;1.0;G
2015-06-05;06:00:00;250;G;3.0;G
2015-06-05;12:00:00;270;G;3.0;G
2015-06-05;18:00:00;270;G;1.0;G
2015-06-06;06:00:00;230;G;3.0;G
2015-06-06;12:00:00;140;G;5.0;G
2015-06-06;18:00:00;230;G;5.0;G
2015-06-07;06:00:00;250;G;7.0;G
2015-06-07;12:00:00;270;G;7.0;G
2015-06-07;18:00:00;270;G;7.0;G
2015-06-08;06:00:00;290;G;5.0;G
2015-06-08;12:00:00;340;G;5.0;G
2015-06-08;18:00:00;320;G;1.0;G
2015-06-09;06:00:00;360;G;1.0;G
2015-06-09;12:00:00;290;G;3.0;G
2015-06-09;18:00:00;250;G;3.0;G
2015-06-10;06:00:00;230;G;7.0;G
2015-06-10;12:00:00;230;G;5.0;G
2015-06-10;18:00:00;270;G;5.0;G
2015-06-11;06:00:00;20;G;3.0;G
2015-06-11;12:00:00;250;G;5.0;G
2015-06-11;18:00:00;200;G;5.0;G
2015-06-12;06:00:00;270;G;3.0;G
2015-06-12;12:00:00;270;G;5.0;G
2015-06-12;18:00:00;270;G;5.0;G
2015-06-13;06:00:00;250;G;1.0;G
2015-06-13;12:00:00;250;G;3.0;G
2015-06-13;18:00:00;50;G;3.0;G
2015-06-14;06:00:00;160;G;1.0;G
2015-06-14;12:00:00;270;G;5.0;G
2015-06-14;18:00:00;230;G;3.0;G
2015-06-15;06:00:00;320;G;5.0;G
2015-06-15;12:00:00;270;G;7.0;G
2015-06-15;18:00:00;270;G;5.0;G
2015-06-16;06:00:00;360;G;3.0;G
2015-06-16;12:00:00;320;G;5.0;G
2015-06-16;18:00:00;320;G;5.0;G
2015-06-17;06:00:00;140;G;1.0;G
2015-06-17;12:00:00;230;G;5.0;G
2015-06-17;18:00:00;230;G;3.0;G
2015-06-18;06:00:00;60;G;1.0;G
2015-06-18;12:00:00;60;G;1.0;G
2015-06-18;18:00:00;60;G;1.0;G
2015-06-19;06:00:00;360;G;1.0;G
2015-06-19;12:00:00;50;G;1.0;G
2015-06-19;18:00:00;50;G;3.0;G
2015-06-20;06:00:00;50;G;3.0;G
2015-06-20;12:00:00;50;G;1.0;G
2015-06-20;18:00:00;140;G;3.0;G
2015-06-21;06:00:00;140;G;1.0;G
2015-06-21;12:00:00;140;G;5.0;G
2015-06-21;18:00:00;140;G;3.0;G
2015-06-22;06:00:00;70;G;1.0;G
2015-06-22;12:00:00;140;G;1.0;G
2015-06-22;18:00:00;140;G;3.0;G
2015-06-23;06:00:00;90;G;1.0;G
2015-06-23;12:00:00;70;G;3.0;G
2015-06-23;18:00:00;50;G;3.0;G
2015-06-24;06:00:00;20;G;1.0;G
2015-06-24;12:00:00;290;G;5.0;G
2015-06-24;18:00:00;230;G;1.0;G
2015-06-25;06:00:00;250;G;5.0;G
2015-06-25;12:00:00;250;G;3.0;G
2015-06-25;18:00:00;250;G;3.0;G
2015-06-26;06:00:00;320;G;3.0;G
2015-06-26;12:00:00;320;G;5.0;G
2015-06-26;18:00:00;320;G;3.0;G
2015-06-27;06:00:00;290;G;3.0;G
2015-06-27;12:00:00;290;G;3.0;G
2015-06-27;18:00:00;70;G;1.0;G
2015-06-28;06:00:00;180;G;1.0;G
2015-06-28;12:00:00;250;G;5.0;G
2015-06-28;18:00:00;200;G;5.0;G
2015-06-29;06:00:00;270;G;3.0;G
2015-06-29;12:00:00;250;G;3.0;G
2015-06-29;18:00:00;200;G;3.0;G
2015-06-30;06:00:00;270;G;3.0;G
2015-06-30;12:00:00;360;G;3.0;G
2015-06-30;18:00:00;140;G;1.0;G
2015-07-01;06:00:00;360;G;1.0;G
2015-07-01;12:00:00;250;G;3.0;G
2015-07-01;18:00:00;180;G;5.0;G
2015-07-02;06:00:00;250;G;3.0;G
2015-07-02;12:00:00;270;G;5.0;G
2015-07-02;18:00:00;180;G;3.0;G
2015-07-03;06:00:00;250;G;5.0;G
2015-07-03;12:00:00;180;G;5.0;G
2015-07-03;18:00:00;200;G;5.0;G
2015-07-04;06:00:00;270;G;5.0;G
2015-07-04;12:00:00;180;G;5.0;G
2015-07-04;18:00:00;140;G;3.0;G
2015-07-05;06:00:00;110;G;1.0;G
2015-07-05;12:00:00;110;G;5.0;G
2015-07-05;18:00:00;90;G;3.0;G
2015-07-06;06:00:00;90;G;3.0;G
2015-07-06;12:00:00;140;G;5.0;G
2015-07-06;18:00:00;250;G;5.0;G
2015-07-07;06:00:00;230;G;7.0;G
2015-07-07;12:00:00;230;G;5.0;G
2015-07-07;18:00:00;230;G;7.0;G
2015-07-08;06:00:00;180;G;1.0;G
2015-07-08;12:00:00;230;G;1.0;G
2015-07-08;18:00:00;230;G;1.0;G
2015-07-09;06:00:00;230;G;3.0;G
2015-07-09;12:00:00;230;G;5.0;G
2015-07-09;18:00:00;230;G;3.0;G
2015-07-10;06:00:00;320;G;3.0;G
2015-07-10;12:00:00;320;G;5.0;G
2015-07-10;18:00:00;320;G;5.0;G
2015-07-11;06:00:00;340;G;5.0;G
2015-07-11;12:00:00;360;G;5.0;G
2015-07-11;18:00:00;290;G;1.0;G
2015-07-12;06:00:00;250;G;3.0;G
2015-07-12;12:00:00;50;G;5.0;G
2015-07-12;18:00:00;70;G;1.0;G
2015-07-13;06:00:00;20;G;3.0;G
2015-07-13;12:00:00;340;G;1.0;G
2015-07-13;18:00:00;140;G;3.0;G
2015-07-14;06:00:00;140;G;1.0;G
2015-07-14;12:00:00;140;G;3.0;G
2015-07-14;18:00:00;140;G;3.0;G
2015-07-15;06:00:00;270;Y;1.0;Y
2015-07-15;12:00:00;270;G;3.0;G
2015-07-15;18:00:00;290;G;3.0;G
2015-07-16;06:00:00;250;G;3.0;G
2015-07-16;12:00:00;270;G;3.0;G
2015-07-16;18:00:00;270;G;1.0;G
2015-07-17;06:00:00;320;G;5.0;G
2015-07-17;12:00:00;340;G;5.0;G
2015-07-17;18:00:00;0;G;0.0;G
2015-07-18;06:00:00;200;G;5.0;G
2015-07-18;12:00:00;180;G;5.0;G
2015-07-18;18:00:00;250;G;3.0;G
2015-07-19;06:00:00;250;G;7.0;G
2015-07-19;12:00:00;250;G;5.0;G
2015-07-19;18:00:00;250;G;5.0;G
2015-07-20;06:00:00;270;G;3.0;G
2015-07-20;12:00:00;360;G;3.0;G
2015-07-20;18:00:00;320;G;1.0;G
2015-07-21;06:00:00;250;G;3.0;G
2015-07-21;12:00:00;200;G;5.0;G
2015-07-21;13:00:00;200;Y;9.0;Y
2015-07-21;18:00:00;110;G;3.0;G
2015-07-22;06:00:00;250;G;5.0;G
2015-07-22;12:00:00;270;G;5.0;G
2015-07-22;18:00:00;250;G;5.0;G
2015-07-23;06:00:00;250;G;5.0;G
2015-07-23;12:00:00;250;G;3.0;G
2015-07-23;18:00:00;270;G;5.0;G
2015-07-24;06:00:00;270;G;5.0;G
2015-07-24;12:00:00;270;G;7.0;G
2015-07-24;18:00:00;270;G;5.0;G
2015-07-25;06:00:00;250;G;1.0;G
2015-07-25;12:00:00;110;G;3.0;G
2015-07-25;18:00:00;70;G;5.0;G
2015-07-26;06:00:00;270;G;3.0;G
2015-07-26;12:00:00;180;G;7.0;G
2015-07-26;18:00:00;140;G;5.0;G
2015-07-27;06:00:00;200;G;5.0;G
2015-07-27;12:00:00;230;G;1.0;G
2015-07-27;18:00:00;230;G;1.0;G
2015-07-28;06:00:00;90;G;1.0;G
2015-07-28;12:00:00;90;G;3.0;G
2015-07-28;18:00:00;70;G;1.0;G
2015-07-29;06:00:00;50;G;3.0;G
2015-07-29;12:00:00;70;G;3.0;G
2015-07-29;18:00:00;140;G;1.0;G
2015-07-30;06:00:00;230;G;1.0;G
2015-07-30;12:00:00;230;G;3.0;G
2015-07-30;18:00:00;290;G;5.0;G
2015-07-31;06:00:00;340;G;1.0;G
2015-07-31;12:00:00;340;G;3.0;G
2015-07-31;18:00:00;270;G;3.0;G
2015-08-01;06:00:00;340;G;1.0;G
2015-08-01;12:00:00;320;G;3.0;G
2015-08-01;18:00:00;230;G;3.0;G
2015-08-02;06:00:00;230;G;3.0;G
2015-08-02;12:00:00;270;G;1.0;G
2015-08-02;18:00:00;270;G;3.0;G
2015-08-03;06:00:00;320;G;5.0;G
2015-08-03;12:00:00;320;G;5.0;G
2015-08-03;18:00:00;270;G;1.0;G
2015-08-04;06:00:00;180;G;3.0;G
2015-08-04;12:00:00;140;G;5.0;G
2015-08-04;18:00:00;140;G;5.0;G
2015-08-05;06:00:00;140;G;5.0;G
2015-08-05;12:00:00;230;G;3.0;G
2015-08-05;18:00:00;340;G;1.0;G
2015-08-06;06:00:00;270;G;1.0;G
2015-08-06;12:00:00;270;G;1.0;G
2015-08-06;18:00:00;270;G;1.0;G
2015-08-07;06:00:00;230;G;1.0;G
2015-08-07;12:00:00;180;G;3.0;G
2015-08-07;18:00:00;180;G;5.0;G
2015-08-08;06:00:00;270;G;1.0;G
2015-08-08;12:00:00;230;G;5.0;G
2015-08-08;18:00:00;250;G;3.0;G
2015-08-09;06:00:00;20;G;1.0;G
2015-08-09;12:00:00;180;G;3.0;G
2015-08-09;18:00:00;290;G;1.0;G
2015-08-10;06:00:00;290;G;3.0;G
2015-08-10;12:00:00;290;G;5.0;G
2015-08-10;18:00:00;250;G;3.0;G
2015-08-11;06:00:00;180;G;3.0;G
2015-08-11;12:00:00;180;G;3.0;G
2015-08-11;18:00:00;180;G;3.0;G
2015-08-12;06:00:00;180;G;3.0;G
2015-08-12;12:00:00;270;G;5.0;G
2015-08-12;18:00:00;270;G;3.0;G
2015-08-13;06:00:00;360;G;2.0;G
2015-08-13;12:00:00;360;G;5.0;G
2015-08-13;18:00:00;270;G;1.0;G
2015-08-14;06:00:00;180;G;1.0;G
2015-08-14;12:00:00;180;G;1.0;G
2015-08-14;18:00:00;180;G;1.0;G
2015-08-15;06:00:00;90;G;1.0;G
2015-08-15;12:00:00;110;G;1.0;G
2015-08-15;18:00:00;70;G;1.0;G
2015-08-16;06:00:00;70;G;1.0;G
2015-08-16;12:00:00;90;G;5.0;G
2015-08-16;18:00:00;70;G;3.0;G
2015-08-17;06:00:00;90;G;1.0;G
2015-08-17;12:00:00;110;G;5.0;G
2015-08-17;18:00:00;70;G;3.0;G
2015-08-18;06:00:00;70;G;1.0;G
2015-08-18;12:00:00;90;G;3.0;G
2015-08-18;18:00:00;110;G;1.0;G
2015-08-19;06:00:00;70;G;1.0;G
2015-08-19;12:00:00;110;G;3.0;G
2015-08-19;18:00:00;110;G;3.0;G
2015-08-20;06:00:00;0;G;0.0;G
2015-08-20;12:00:00;140;G;3.0;G
2015-08-20;18:00:00;180;G;3.0;G
2015-08-21;06:00:00;0;G;0.0;G
2015-08-21;12:00:00;230;G;3.0;G
2015-08-21;18:00:00;160;G;3.0;G
2015-08-22;06:00:00;0;G;0.0;G
2015-08-22;12:00:00;180;G;1.0;G
2015-08-22;18:00:00;140;G;3.0;G
2015-08-23;06:00:00;0;G;0.0;G
2015-08-23;12:00:00;70;G;1.0;G
2015-08-23;18:00:00;70;G;1.0;G
2015-08-24;06:00:00;50;G;1.0;G
2015-08-24;12:00:00;90;G;3.0;G
2015-08-24;18:00:00;90;G;1.0;G
2015-08-25;06:00:00;90;G;2.0;G
2015-08-25;12:00:00;90;G;5.0;G
2015-08-25;18:00:00;140;G;3.0;G
2015-08-26;06:00:00;250;G;5.0;G
2015-08-26;12:00:00;250;G;5.0;G
2015-08-26;18:00:00;180;G;3.0;G
2015-08-27;06:00:00;180;G;5.0;G
2015-08-27;12:00:00;230;G;5.0;G
2015-08-27;18:00:00;160;G;3.0;G
2015-08-28;06:00:00;230;G;5.0;G
2015-08-28;12:00:00;270;G;7.0;G
2015-08-28;18:00:00;250;G;5.0;G
2015-08-29;06:00:00;250;G;5.0;G
2015-08-29;12:00:00;270;G;5.0;G
2015-08-29;18:00:00;270;G;5.0;G
2015-08-30;06:00:00;230;G;1.0;G
2015-08-30;12:00:00;270;G;5.0;G
2015-08-30;18:00:00;270;G;1.0;G
2015-08-31;06:00:00;250;G;1.0;G
2015-08-31;12:00:00;250;G;1.0;G
2015-08-31;18:00:00;200;G;1.0;G
2015-09-01;06:00:00;90;G;3.0;G
2015-09-01;12:00:00;90;G;3.0;G
2015-09-01;18:00:00;70;G;5.0;G
2015-09-02;06:00:00;70;G;5.0;G
2015-09-02;12:00:00;70;G;5.0;G
2015-09-02;18:00:00;270;G;3.0;G
2015-09-03;06:00:00;270;G;3.0;G
2015-09-03;12:00:00;270;G;5.0;G
2015-09-03;18:00:00;180;G;3.0;G
2015-09-04;06:00:00;0;G;0.0;G
2015-09-04;12:00:00;200;G;3.0;G
2015-09-04;18:00:00;230;G;5.0;G
2015-09-05;06:00:00;180;G;1.0;G
2015-09-05;12:00:00;140;G;5.0;G
2015-09-05;18:00:00;90;G;1.0;G
2015-09-06;06:00:00;340;G;7.0;G
2015-09-06;12:00:00;360;G;5.0;G
2015-09-06;18:00:00;360;G;3.0;G
2015-09-07;06:00:00;360;G;7.0;G
2015-09-07;12:00:00;320;G;5.0;G
2015-09-07;18:00:00;290;G;3.0;G
2015-09-08;06:00:00;240;G;5.0;G
2015-09-08;12:00:00;360;G;7.0;G
2015-09-08;18:00:00;360;G;3.0;G
2015-09-09;06:00:00;340;G;1.0;G
2015-09-09;12:00:00;340;G;1.0;G
2015-09-09;18:00:00;290;G;3.0;G
2015-09-10;06:00:00;290;G;1.0;G
2015-09-10;12:00:00;0;G;0.0;G
2015-09-10;18:00:00;180;G;1.0;G
2015-09-11;06:00:00;0;G;0.0;G
2015-09-11;12:00:00;110;G;1.0;G
2015-09-11;18:00:00;0;G;0.0;G
2015-09-12;06:00:00;90;G;1.0;G
2015-09-12;12:00:00;90;G;7.0;G
2015-09-12;18:00:00;90;G;5.0;G
2015-09-13;06:00:00;0;G;0.0;G
2015-09-13;12:00:00;90;G;5.0;G
2015-09-13;18:00:00;140;G;1.0;G
2015-09-14;06:00:00;110;G;5.0;G
2015-09-14;12:00:00;110;G;5.0;G
2015-09-14;18:00:00;110;G;5.0;G
2015-09-15;06:00:00;90;G;5.0;G
2015-09-15;12:00:00;140;G;5.0;G
2015-09-15;18:00:00;160;G;3.0;G
2015-09-16;06:00:00;140;G;1.0;G
2015-09-16;12:00:00;180;G;3.0;G
2015-09-16;18:00:00;110;G;3.0;G
2015-09-17;06:00:00;90;G;5.0;G
2015-09-17;12:00:00;160;G;5.0;G
2015-09-17;18:00:00;180;G;3.0;G
2015-09-18;06:00:00;200;G;5.0;G
2015-09-18;12:00:00;250;G;7.0;G
2015-09-18;18:00:00;250;G;9.0;G
2015-09-19;06:00:00;250;G;3.0;G
2015-09-19;12:00:00;250;G;5.0;G
2015-09-19;18:00:00;230;G;3.0;G
2015-09-20;06:00:00;270;G;1.0;G
2015-09-20;12:00:00;290;G;3.0;G
2015-09-20;18:00:00;320;G;1.0;G
2015-09-21;06:00:00;360;G;1.0;G
2015-09-21;12:00:00;340;G;1.0;G
2015-09-21;18:00:00;0;G;0.0;G
2015-09-22;06:00:00;180;G;1.0;G
2015-09-22;12:00:00;180;G;5.0;G
2015-09-22;18:00:00;180;G;3.0;G
2015-09-23;06:00:00;140;G;1.0;G
2015-09-23;12:00:00;110;G;1.0;G
2015-09-23;18:00:00;140;Y;1.0;Y
2015-09-24;06:00:00;110;G;1.0;G
2015-09-24;12:00:00;160;G;3.0;G
2015-09-24;18:00:00;200;G;3.0;G
2015-09-25;06:00:00;230;G;5.0;G
2015-09-25;12:00:00;230;G;1.0;G
2015-09-25;18:00:00;180;G;3.0;G
2015-09-26;06:00:00;230;G;5.0;G
2015-09-26;12:00:00;270;G;5.0;G
2015-09-26;18:00:00;290;G;1.0;G
2015-09-27;06:00:00;290;G;5.0;G
2015-09-27;12:00:00;320;G;5.0;G
2015-09-27;18:00:00;20;G;1.0;G
2015-09-28;06:00:00;330;G;3.0;G
2015-09-28;12:00:00;360;G;3.0;G
2015-09-28;18:00:00;360;G;3.0;G
2015-09-29;06:00:00;320;G;1.0;G
2015-09-29;12:00:00;230;G;1.0;G
2015-09-29;18:00:00;230;G;5.0;G
2015-09-30;06:00:00;340;G;5.0;G
2015-09-30;12:00:00;270;G;1.0;G
2015-09-30;18:00:00;270;G;1.0;G
2015-10-01;06:00:00;240;G;5.0;G
2015-10-01;12:00:00;240;G;5.0;G
2015-10-01;18:00:00;200;G;3.0;G
2015-10-02;06:00:00;270;G;5.0;G
2015-10-02;12:00:00;270;G;7.0;G
2015-10-02;18:00:00;270;G;5.0;G
2015-10-03;06:00:00;320;G;1.0;G
2015-10-03;12:00:00;110;G;1.0;G
2015-10-03;18:00:00;140;G;1.0;G
2015-10-04;06:00:00;250;G;3.0;G
2015-10-04;12:00:00;340;G;3.0;G
2015-10-04;18:00:00;0;G;0.0;G
2015-10-05;06:00:00;360;G;3.0;G
2015-10-05;12:00:00;50;G;3.0;G
2015-10-05;18:00:00;50;G;3.0;G
2015-10-06;06:00:00;50;G;3.0;G
2015-10-06;12:00:00;70;G;3.0;G
2015-10-06;18:00:00;70;G;1.0;G
2015-10-07;06:00:00;90;Y;1.0;Y
2015-10-07;12:00:00;110;G;5.0;G
2015-10-07;18:00:00;90;G;1.0;G
2015-10-08;06:00:00;110;G;3.0;G
2015-10-08;12:00:00;90;G;3.0;G
2015-10-08;18:00:00;90;G;3.0;G
2015-10-09;06:00:00;50;G;1.0;G
2015-10-09;12:00:00;50;G;1.0;G
2015-10-09;18:00:00;50;G;1.0;G
2015-10-10;06:00:00;340;G;1.0;G
2015-10-10;12:00:00;50;G;3.0;G
2015-10-10;18:00:00;0;G;0.0;G
2015-10-11;06:00:00;340;G;1.0;G
2015-10-11;12:00:00;110;G;3.0;G
2015-10-11;18:00:00;90;G;1.0;G
2015-10-12;06:00:00;0;G;0.0;G
2015-10-12;12:00:00;200;G;1.0;G
2015-10-12;18:00:00;140;G;1.0;G
2015-10-13;06:00:00;90;G;1.0;G
2015-10-13;12:00:00;70;G;1.0;G
2015-10-13;18:00:00;50;G;1.0;G
2015-10-14;06:00:00;20;G;1.0;G
2015-10-14;12:00:00;0;G;0.0;G
2015-10-14;18:00:00;50;G;1.0;G
2015-10-15;06:00:00;0;G;0.0;G
2015-10-15;12:00:00;180;G;3.0;G
2015-10-15;18:00:00;160;G;1.0;G
2015-10-16;06:00:00;0;G;0.0;G
2015-10-16;12:00:00;70;G;3.0;G
2015-10-16;18:00:00;0;G;0.0;G
2015-10-17;06:00:00;360;G;1.0;G
2015-10-17;12:00:00;360;G;1.0;G
2015-10-17;18:00:00;270;G;1.0;G
2015-10-18;06:00:00;290;G;1.0;G
2015-10-18;12:00:00;360;G;1.0;G
2015-10-18;18:00:00;360;G;3.0;G
2015-10-19;06:00:00;360;G;1.0;G
2015-10-19;12:00:00;50;G;1.0;G
2015-10-19;18:00:00;320;G;3.0;G
2015-10-20;06:00:00;360;G;1.0;G
2015-10-20;12:00:00;360;G;1.0;G
2015-10-20;18:00:00;180;G;3.0;G
2015-10-21;06:00:00;200;G;1.0;G
2015-10-21;12:00:00;200;G;3.0;G
2015-10-21;18:00:00;200;G;3.0;G
2015-10-22;06:00:00;200;G;5.0;G
2015-10-22;12:00:00;230;G;7.0;G
2015-10-22;18:00:00;200;G;7.0;G
2015-10-23;06:00:00;270;G;5.0;G
2015-10-23;12:00:00;320;G;5.0;G
2015-10-23;18:00:00;320;G;1.0;G
2015-10-24;06:00:00;230;G;3.0;G
2015-10-24;12:00:00;230;G;3.0;G
2015-10-24;18:00:00;180;G;3.0;G
2015-10-25;06:00:00;180;G;5.0;G
2015-10-25;12:00:00;270;G;7.0;G
2015-10-25;18:00:00;270;G;7.0;G
2015-10-26;06:00:00;270;G;3.0;G
2015-10-26;12:00:00;290;G;3.0;G
2015-10-26;18:00:00;230;G;5.0;G
2015-10-27;06:00:00;270;G;5.0;G
2015-10-27;12:00:00;340;G;5.0;G
2015-10-27;18:00:00;360;G;3.0;G
2015-10-28;06:00:00;360;G;1.0;G
2015-10-28;12:00:00;180;G;3.0;G
2015-10-28;18:00:00;140;G;3.0;G
2015-10-29;06:00:00;0;G;0.0;G
2015-10-29;12:00:00;110;G;1.0;G
2015-10-29;18:00:00;20;G;1.0;G
2015-10-30;06:00:00;360;G;3.0;G
2015-10-30;12:00:00;360;G;1.0;G
2015-10-30;18:00:00;70;G;1.0;G
2015-10-31;06:00:00;220;G;3.0;G
2015-10-31;12:00:00;230;G;5.0;G
2015-10-31;18:00:00;230;G;3.0;G
2015-11-01;06:00:00;250;G;5.0;G
2015-11-01;12:00:00;270;G;5.0;G
2015-11-01;18:00:00;270;G;5.0;G
2015-11-02;06:00:00;270;G;5.0;G
2015-11-02;12:00:00;140;G;7.0;G
2015-11-02;18:00:00;320;G;7.0;G
2015-11-03;06:00:00;250;G;5.0;G
2015-11-03;12:00:00;250;G;3.0;G
2015-11-03;18:00:00;250;G;7.0;G
2015-11-04;06:00:00;290;G;1.0;G
2015-11-04;12:00:00;290;G;5.0;G
2015-11-04;18:00:00;290;G;3.0;G
2015-11-05;06:00:00;360;G;1.0;G
2015-11-05;12:00:00;180;G;3.0;G
2015-11-05;18:00:00;160;G;3.0;G
2015-11-06;06:00:00;180;G;3.0;G
2015-11-06;12:00:00;200;G;3.0;G
2015-11-06;18:00:00;180;G;3.0;G
2015-11-07;06:00:00;160;G;5.0;G
2015-11-07;12:00:00;200;G;5.0;G
2015-11-07;18:00:00;250;G;5.0;G
2015-11-08;06:00:00;50;G;5.0;G
2015-11-08;12:00:00;360;G;5.0;G
2015-11-08;18:00:00;320;G;5.0;G
2015-11-09;06:00:00;180;G;5.0;G
2015-11-09;12:00:00;230;G;5.0;G
2015-11-09;18:00:00;200;G;3.0;G
2015-11-10;06:00:00;250;G;3.0;G
2015-11-10;12:00:00;290;G;5.0;G
2015-11-10;18:00:00;250;G;3.0;G
2015-11-11;06:00:00;270;G;5.0;G
2015-11-11;12:00:00;290;G;3.0;G
2015-11-11;18:00:00;270;G;1.0;G
2015-11-12;06:00:00;200;G;5.0;G
2015-11-12;12:00:00;320;G;5.0;G
2015-11-12;18:00:00;320;G;5.0;G
2015-11-13;06:00:00;180;G;1.0;G
2015-11-13;12:00:00;180;G;7.0;G
2015-11-13;18:00:00;230;G;5.0;G
2015-11-14;06:00:00;270;G;3.0;G
2015-11-14;12:00:00;270;G;5.0;G
2015-11-14;18:00:00;270;G;1.0;G
2015-11-15;06:00:00;230;G;3.0;G
2015-11-15;12:00:00;230;G;3.0;G
2015-11-15;18:00:00;320;G;3.0;G
2015-11-16;06:00:00;290;G;3.0;G
2015-11-16;12:00:00;200;G;3.0;G
2015-11-16;18:00:00;160;G;5.0;G
2015-11-17;06:00:00;230;G;5.0;G
2015-11-17;12:00:00;230;G;3.0;G
2015-11-17;18:00:00;180;G;3.0;G
2015-11-18;06:00:00;200;G;1.0;G
2015-11-18;12:00:00;0;G;0.0;G
2015-11-18;18:00:00;250;G;3.0;G
2015-11-19;06:00:00;50;G;3.0;G
2015-11-19;12:00:00;20;G;3.0;G
2015-11-19;18:00:00;360;G;5.0;G
2015-11-20;06:00:00;320;G;5.0;G
2015-11-20;12:00:00;290;G;5.0;G
2015-11-20;18:00:00;340;G;3.0;G
2015-11-21;06:00:00;320;G;3.0;G
2015-11-21;12:00:00;290;G;5.0;G
2015-11-21;18:00:00;290;G;5.0;G
2015-11-22;06:00:00;320;G;3.0;G
2015-11-22;12:00:00;360;G;5.0;G
2015-11-22;18:00:00;340;G;3.0;G
2015-11-23;06:00:00;270;G;3.0;G
2015-11-23;12:00:00;250;G;3.0;G
2015-11-23;18:00:00;250;G;3.0;G
2015-11-24;06:00:00;230;G;5.0;G
2015-11-24;12:00:00;230;G;5.0;G
2015-11-24;18:00:00;230;G;3.0;G
2015-11-25;06:00:00;200;G;5.0;G
2015-11-25;12:00:00;200;G;5.0;G
2015-11-25;18:00:00;200;G;3.0;G
2015-11-26;06:00:00;250;G;3.0;G
2015-11-26;12:00:00;250;G;5.0;G
2015-11-26;18:00:00;250;G;7.0;G
2015-11-27;06:00:00;250;G;7.0;G
2015-11-27;12:00:00;250;G;9.0;G
2015-11-27;18:00:00;230;G;5.0;G
2015-11-28;06:00:00;200;G;7.0;G
2015-11-28;12:00:00;230;G;7.0;G
2015-11-28;18:00:00;230;G;5.0;G
2015-11-29;06:00:00;140;G;5.0;G
2015-11-29;12:00:00;180;G;5.0;G
2015-11-29;18:00:00;230;G;5.0;G
2015-11-30;06:00:00;320;G;7.0;G
2015-11-30;12:00:00;270;G;5.0;G
2015-11-30;18:00:00;270;G;7.0;G
2015-12-01;06:00:00;270;G;5.0;G
2015-12-01;12:00:00;290;G;7.0;G
2015-12-01;18:00:00;290;G;7.0;G
2015-12-02;06:00:00;270;G;3.0;G
2015-12-02;12:00:00;270;G;3.0;G
2015-12-02;18:00:00;180;G;1.0;G
2015-12-03;06:00:00;270;G;3.0;G
2015-12-03;12:00:00;290;G;5.0;G
2015-12-03;18:00:00;250;G;5.0;G
2015-12-04;06:00:00;160;G;5.0;G
2015-12-04;12:00:00;200;G;7.0;G
2015-12-04;18:00:00;270;G;9.0;G
2015-12-05;06:00:00;230;G;7.0;G
2015-12-05;12:00:00;230;G;5.0;G
2015-12-05;18:00:00;230;G;9.0;G
2015-12-06;06:00:00;250;G;9.0;G
2015-12-06;12:00:00;250;G;9.0;G
2015-12-06;18:00:00;340;G;7.0;G
2015-12-07;06:00:00;270;G;9.0;G
2015-12-07;12:00:00;290;G;7.0;G
2015-12-07;18:00:00;320;G;5.0;G
2015-12-08;06:00:00;0;G;0.0;G
2015-12-08;12:00:00;180;G;3.0;G
2015-12-08;18:00:00;200;G;5.0;G
2015-12-09;06:00:00;200;G;5.0;G
2015-12-09;12:00:00;250;G;7.0;G
2015-12-09;18:00:00;270;G;5.0;G
2015-12-10;06:00:00;200;G;7.0;G
2015-12-10;12:00:00;200;G;5.0;G
2015-12-10;18:00:00;200;G;3.0;G
2015-12-11;06:00:00;230;G;1.0;G
2015-12-11;12:00:00;250;G;5.0;G
2015-12-11;18:00:00;230;G;1.0;G
2015-12-12;06:00:00;250;G;5.0;G
2015-12-12;12:00:00;270;G;5.0;G
2015-12-12;18:00:00;290;G;5.0;G
2015-12-13;06:00:00;320;G;1.0;G
2015-12-13;12:00:00;340;G;3.0;G
2015-12-13;18:00:00;320;G;5.0;G
2015-12-14;06:00:00;270;G;1.0;G
2015-12-14;12:00:00;290;G;1.0;G
2015-12-14;18:00:00;250;G;3.0;G
2015-12-15;06:00:00;270;G;3.0;G
2015-12-15;12:00:00;270;G;5.0;G
2015-12-15;18:00:00;270;G;5.0;G
2015-12-16;06:00:00;270;G;5.0;G
2015-12-16;12:00:00;270;G;3.0;G
2015-12-16;18:00:00;250;G;3.0;G
2015-12-17;06:00:00;180;G;3.0;G
2015-12-17;12:00:00;250;G;3.0;G
2015-12-17;18:00:00;250;G;3.0;G
2015-12-18;06:00:00;200;G;5.0;G
2015-12-18;12:00:00;200;G;7.0;G
2015-12-18;18:00:00;270;G;7.0;G
2015-12-19;06:00:00;270;G;7.0;G
2015-12-19;12:00:00;250;G;3.0;G
2015-12-19;18:00:00;230;G;3.0;G
2015-12-20;06:00:00;230;G;5.0;G
2015-12-20;12:00:00;230;G;5.0;G
2015-12-20;18:00:00;200;G;5.0;G
2015-12-21;06:00:00;250;G;7.0;G
2015-12-21;12:00:00;250;G;7.0;G
2015-12-21;18:00:00;250;G;5.0;G
2015-12-22;06:00:00;270;G;3.0;G
2015-12-22;12:00:00;290;G;5.0;G
2015-12-22;18:00:00;230;G;3.0;G
2015-12-23;06:00:00;250;G;7.0;G
2015-12-23;12:00:00;250;G;5.0;G
2015-12-23;18:00:00;250;G;7.0;G
2015-12-24;06:00:00;270;G;5.0;G
2015-12-24;12:00:00;230;G;3.0;G
2015-12-24;18:00:00;200;G;5.0;G
2015-12-25;06:00:00;230;G;7.0;G
2015-12-25;12:00:00;250;G;9.0;G
2015-12-25;18:00:00;250;G;7.0;G
2015-12-26;06:00:00;290;G;3.0;G
2015-12-26;12:00:00;320;G;5.0;G
2015-12-26;18:00:00;320;G;5.0;G
2015-12-27;06:00:00;290;G;1.0;G
2015-12-27;12:00:00;110;G;1.0;G
2015-12-27;18:00:00;110;G;3.0;G
2015-12-28;06:00:00;50;G;3.0;G
2015-12-28;12:00:00;50;G;1.0;G
2015-12-28;18:00:00;180;G;1.0;G
2015-12-29;06:00:00;140;G;1.0;G
2015-12-29;12:00:00;140;G;5.0;G
2015-12-29;18:00:00;140;G;3.0;G
2015-12-30;06:00:00;160;G;5.0;G
2015-12-30;12:00:00;180;G;5.0;G
2015-12-30;18:00:00;180;G;7.0;G
2015-12-31;06:00:00;180;G;5.0;G
2015-12-31;12:00:00;140;G;5.0;G
2015-12-31;18:00:00;140;G;5.0;G
2016-01-01;06:00:00;140;G;5.0;G
2016-01-01;12:00:00;140;G;5.0;G
2016-01-01;18:00:00;140;G;5.0;G
2016-01-02;06:00:00;90;G;5.0;G
2016-01-02;12:00:00;110;G;3.0;G
2016-01-02;18:00:00;110;G;5.0;G
2016-01-03;06:00:00;50;G;5.0;G
2016-01-03;12:00:00;360;G;3.0;G
2016-01-03;18:00:00;320;G;3.0;G
2016-01-04;06:00:00;340;G;3.0;G
2016-01-04;12:00:00;360;G;3.0;G
2016-01-04;18:00:00;90;G;3.0;G
2016-01-05;06:00:00;320;G;5.0;G
2016-01-05;12:00:00;50;G;3.0;G
2016-01-05;18:00:00;360;G;1.0;G
2016-01-06;06:00:00;360;G;1.0;G
2016-01-06;12:00:00;360;G;3.0;G
2016-01-06;18:00:00;360;G;3.0;G
2016-01-07;06:00:00;360;G;1.0;G
2016-01-07;12:00:00;360;G;1.0;G
2016-01-07;18:00:00;50;G;1.0;G
2016-01-08;06:00:00;140;G;3.0;G
2016-01-08;12:00:00;90;G;5.0;G
2016-01-08;18:00:00;90;G;1.0;G
2016-01-09;06:00:00;50;G;3.0;G
2016-01-09;12:00:00;20;G;3.0;G
2016-01-09;18:00:00;50;G;3.0;G
2016-01-10;06:00:00;90;G;5.0;G
2016-01-10;12:00:00;90;G;5.0;G
2016-01-10;18:00:00;140;G;7.0;G
2016-01-11;06:00:00;90;G;5.0;G
2016-01-11;12:00:00;160;G;3.0;G
2016-01-11;18:00:00;140;G;3.0;G
2016-01-12;06:00:00;20;G;5.0;G
2016-01-12;12:00:00;50;G;5.0;G
2016-01-12;18:00:00;360;G;3.0;G
2016-01-13;06:00:00;340;G;5.0;G
2016-01-13;12:00:00;340;G;7.0;G
2016-01-13;18:00:00;320;G;7.0;G
2016-01-14;06:00:00;320;G;5.0;G
2016-01-14;12:00:00;320;G;3.0;G
2016-01-14;18:00:00;320;G;3.0;G
2016-01-15;06:00:00;290;G;1.0;G
2016-01-15;12:00:00;290;G;3.0;G
2016-01-15;18:00:00;290;G;3.0;G
2016-01-16;06:00:00;290;G;1.0;G
2016-01-16;12:00:00;290;G;3.0;G
2016-01-16;18:00:00;290;G;3.0;G
2016-01-17;06:00:00;290;G;5.0;G
2016-01-17;12:00:00;270;G;5.0;G
2016-01-17;18:00:00;250;G;3.0;G
2016-01-18;06:00:00;270;G;5.0;G
2016-01-18;12:00:00;250;G;5.0;G
2016-01-18;18:00:00;270;G;3.0;G
2016-01-19;06:00:00;290;G;1.0;G
2016-01-19;12:00:00;360;G;1.0;G
2016-01-19;18:00:00;360;G;1.0;G
2016-01-20;06:00:00;360;G;3.0;G
2016-01-20;12:00:00;20;G;1.0;G
2016-01-20;18:00:00;340;G;1.0;G
2016-01-20;18:00:00;340;G;1.0;G
2016-01-21;06:00:00;290;G;3.0;G
2016-01-21;12:00:00;290;G;3.0;G
2016-01-21;18:00:00;290;G;3.0;G
2016-01-22;06:00:00;250;G;3.0;G
2016-01-22;12:00:00;270;G;1.0;G
2016-01-22;18:00:00;250;G;3.0;G
2016-01-23;06:00:00;180;G;3.0;G
2016-01-23;12:00:00;180;G;3.0;G
2016-01-23;18:00:00;230;G;3.0;G
2016-01-24;06:00:00;270;G;5.0;G
2016-01-24;12:00:00;270;G;5.0;G
2016-01-24;18:00:00;270;G;5.0;G
2016-01-25;06:00:00;320;G;3.0;G
2016-01-25;12:00:00;290;G;1.0;G
2016-01-25;18:00:00;180;G;3.0;G
2016-01-26;06:00:00;230;G;3.0;G
2016-01-26;12:00:00;270;G;5.0;G
2016-01-26;18:00:00;250;G;5.0;G
2016-01-27;06:00:00;230;G;5.0;G
2016-01-27;12:00:00;250;G;5.0;G
2016-01-27;18:00:00;250;G;3.0;G
2016-01-28;06:00:00;250;G;9.0;G
2016-01-28;12:00:00;290;G;9.0;G
2016-01-28;18:00:00;290;G;7.0;G
2016-01-29;06:00:00;230;G;5.0;G
2016-01-29;12:00:00;200;G;5.0;G
2016-01-29;18:00:00;230;G;5.0;G
2016-01-30;06:00:00;250;G;7.0;G
2016-01-30;12:00:00;230;G;9.0;G
2016-01-30;18:00:00;250;G;7.0;G
2016-01-31;06:00:00;230;G;3.0;G
2016-01-31;12:00:00;250;G;5.0;G
2016-01-31;18:00:00;340;G;5.0;G
2016-02-01;06:00:00;270;G;3.0;G
2016-02-01;12:00:00;230;G;3.0;G
2016-02-01;18:00:00;160;G;5.0;G
2016-02-02;06:00:00;270;G;7.0;G
2016-02-02;12:00:00;270;G;5.0;G
2016-02-02;18:00:00;230;G;7.0;G
2016-02-03;06:00:00;360;G;9.0;G
2016-02-03;12:00:00;290;G;5.0;G
2016-02-03;18:00:00;270;G;3.0;G
2016-02-04;06:00:00;270;G;5.0;G
2016-02-04;12:00:00;290;G;5.0;G
2016-02-04;18:00:00;270;G;5.0;G
2016-02-05;06:00:00;290;G;5.0;G
2016-02-05;12:00:00;270;G;5.0;G
2016-02-05;18:00:00;250;G;3.0;G
2016-02-06;06:00:00;180;G;5.0;G
2016-02-06;12:00:00;200;G;5.0;G
2016-02-06;18:00:00;200;G;5.0;G
2016-02-07;06:00:00;180;G;5.0;G
2016-02-07;12:00:00;180;G;5.0;G
2016-02-07;18:00:00;180;G;5.0;G
2016-02-08;06:00:00;180;G;5.0;G
2016-02-08;12:00:00;160;G;7.0;G
2016-02-08;18:00:00;180;G;7.0;G
2016-02-09;06:00:00;180;G;5.0;G
2016-02-09;12:00:00;180;G;5.0;G
2016-02-09;18:00:00;230;G;3.0;G
2016-02-10;06:00:00;110;G;3.0;G
2016-02-10;12:00:00;160;G;5.0;G
2016-02-10;18:00:00;180;G;3.0;G
2016-02-11;06:00:00;290;G;3.0;G
2016-02-11;12:00:00;320;G;5.0;G
2016-02-11;18:00:00;340;G;3.0;G
2016-02-12;06:00:00;290;G;5.0;G
2016-02-12;12:00:00;290;G;5.0;G
2016-02-12;18:00:00;250;G;3.0;G
2016-02-13;06:00:00;200;G;5.0;G
2016-02-13;12:00:00;200;G;7.0;G
2016-02-13;18:00:00;140;G;3.0;G
2016-02-14;06:00:00;0;G;0.0;G
2016-02-14;12:00:00;340;G;2.0;G
2016-02-14;18:00:00;340;G;3.0;G
2016-02-15;06:00:00;320;G;5.0;G
2016-02-15;12:00:00;340;G;3.0;G
2016-02-15;18:00:00;320;G;3.0;G
2016-02-16;06:00:00;290;G;3.0;G
2016-02-16;12:00:00;270;G;3.0;G
2016-02-16;18:00:00;250;G;3.0;G
2016-02-17;06:00:00;200;G;3.0;G
2016-02-17;12:00:00;230;G;3.0;G
2016-02-17;18:00:00;180;G;5.0;G
2016-02-18;06:00:00;90;G;5.0;G
2016-02-18;12:00:00;140;G;3.0;G
2016-02-18;18:00:00;230;G;5.0;G
2016-02-19;06:00:00;180;G;1.0;G
2016-02-19;12:00:00;230;G;1.0;G
2016-02-19;18:00:00;230;G;1.0;G
2016-02-20;06:00:00;160;G;5.0;G
2016-02-20;12:00:00;160;G;7.0;G
2016-02-20;18:00:00;160;G;7.0;G
2016-02-21;06:00:00;180;G;3.0;G
2016-02-21;12:00:00;230;G;3.0;G
2016-02-21;18:00:00;180;G;3.0;G
2016-02-22;06:00:00;250;G;3.0;G
2016-02-22;12:00:00;290;G;5.0;G
2016-02-22;18:00:00;270;G;3.0;G
2016-02-23;06:00:00;270;G;3.0;G
2016-02-23;12:00:00;250;G;5.0;G
2016-02-23;18:00:00;270;G;5.0;G
2016-02-24;06:00:00;250;G;3.0;G
2016-02-24;12:00:00;250;G;5.0;G
2016-02-24;18:00:00;250;G;5.0;G
2016-02-25;06:00:00;250;G;3.0;G
2016-02-25;12:00:00;250;G;5.0;G
2016-02-25;18:00:00;270;G;3.0;G
2016-02-26;06:00:00;250;G;3.0;G
2016-02-26;12:00:00;270;G;5.0;G
2016-02-26;18:00:00;360;G;3.0;G
2016-02-27;06:00:00;270;G;1.0;G
2016-02-27;12:00:00;270;G;3.0;G
2016-02-27;18:00:00;270;G;7.0;G
2016-02-28;06:00:00;270;G;1.0;G
2016-02-28;12:00:00;270;G;3.0;G
2016-02-28;18:00:00;270;G;3.0;G
2016-02-29;06:00:00;230;G;1.0;G
2016-02-29;12:00:00;270;G;1.0;G
2016-02-29;18:00:00;180;G;3.0;G
2016-03-01;06:00:00;180;G;3.0;G
2016-03-01;12:00:00;160;G;3.0;G
2016-03-01;18:00:00;110;G;5.0;G
2016-03-02;06:00:00;110;G;5.0;G
2016-03-02;12:00:00;90;G;5.0;G
2016-03-02;18:00:00;90;G;5.0;G
2016-03-03;06:00:00;110;G;5.0;G
2016-03-03;12:00:00;110;G;1.0;G
2016-03-03;18:00:00;110;G;1.0;G
2016-03-04;06:00:00;90;G;3.0;G
2016-03-04;12:00:00;110;G;5.0;G
2016-03-04;18:00:00;140;G;5.0;G
2016-03-05;06:00:00;110;G;3.0;G
2016-03-05;12:00:00;110;G;3.0;G
2016-03-05;18:00:00;90;G;1.0;G
2016-03-06;06:00:00;70;G;3.0;G
2016-03-06;12:00:00;70;G;3.0;G
2016-03-06;18:00:00;90;G;5.0;G
2016-03-07;06:00:00;70;G;3.0;G
2016-03-07;12:00:00;200;G;5.0;G
2016-03-07;18:00:00;180;G;3.0;G
2016-03-08;06:00:00;180;G;1.0;G
2016-03-08;12:00:00;230;G;3.0;G
2016-03-08;18:00:00;180;G;3.0;G
2016-03-09;06:00:00;180;G;3.0;G
2016-03-09;12:00:00;200;G;3.0;G
2016-03-09;18:00:00;200;G;1.0;G
2016-03-10;06:00:00;0;G;0.0;G
2016-03-10;12:00:00;270;G;1.0;G
2016-03-10;18:00:00;290;G;1.0;G
2016-03-11;06:00:00;270;G;3.0;G
2016-03-11;12:00:00;290;G;3.0;G
2016-03-11;18:00:00;290;G;1.0;G
2016-03-12;06:00:00;0;G;0.0;G
2016-03-12;12:00:00;160;G;1.0;G
2016-03-12;18:00:00;230;G;3.0;G
2016-03-13;06:00:00;200;G;3.0;G
2016-03-13;12:00:00;250;G;5.0;G
2016-03-13;18:00:00;270;G;5.0;G
2016-03-14;06:00:00;250;G;3.0;G
2016-03-14;12:00:00;360;G;5.0;G
2016-03-14;18:00:00;360;G;3.0;G
2016-03-15;06:00:00;340;G;1.0;G
2016-03-15;12:00:00;320;G;1.0;G
2016-03-15;18:00:00;270;G;1.0;G
2016-03-16;06:00:00;270;G;1.0;G
2016-03-16;12:00:00;320;G;3.0;G
2016-03-16;18:00:00;340;G;1.0;G
2016-03-17;06:00:00;340;G;1.0;G
2016-03-17;12:00:00;320;G;5.0;G
2016-03-17;18:00:00;320;G;3.0;G
2016-03-18;06:00:00;360;G;5.0;G
2016-03-18;12:00:00;340;G;7.0;G
2016-03-18;18:00:00;360;G;1.0;G
2016-03-19;06:00:00;270;G;3.0;G
2016-03-19;12:00:00;290;G;1.0;G
2016-03-19;18:00:00;70;G;1.0;G
2016-03-20;06:00:00;140;G;1.0;G
2016-03-20;12:00:00;270;G;3.0;G
2016-03-20;18:00:00;180;G;3.0;G
2016-03-21;06:00:00;270;G;3.0;G
2016-03-21;12:00:00;360;G;1.0;G
2016-03-21;18:00:00;90;G;1.0;G
2016-03-22;06:00:00;90;G;3.0;G
2016-03-22;12:00:00;0;G;0.0;G
2016-03-22;18:00:00;160;G;3.0;G
2016-03-23;06:00:00;110;G;1.0;G
2016-03-23;12:00:00;70;G;1.0;G
2016-03-23;18:00:00;20;G;3.0;G
2016-03-24;06:00:00;360;G;1.0;G
2016-03-24;12:00:00;230;G;1.0;G
2016-03-24;18:00:00;180;G;3.0;G
2016-03-25;06:00:00;230;G;3.0;G
2016-03-25;12:00:00;200;G;3.0;G
2016-03-25;18:00:00;200;G;3.0;G
2016-03-26;06:00:00;290;G;3.0;G
2016-03-26;12:00:00;270;G;3.0;G
2016-03-26;18:00:00;180;G;5.0;G
2016-03-27;06:00:00;180;G;5.0;G
2016-03-27;12:00:00;200;G;9.0;G
2016-03-27;18:00:00;180;G;9.0;G
2016-03-28;06:00:00;230;G;1.0;G
2016-03-28;12:00:00;180;G;3.0;G
2016-03-28;18:00:00;110;G;3.0;G
2016-03-29;06:00:00;140;G;5.0;G
2016-03-29;12:00:00;140;G;3.0;G
2016-03-29;18:00:00;180;G;1.0;G
2016-03-30;06:00:00;230;G;3.0;G
2016-03-30;12:00:00;230;G;5.0;G
2016-03-30;18:00:00;180;G;5.0;G
2016-03-31;06:00:00;180;G;1.0;G
2016-03-31;12:00:00;270;G;3.0;G
2016-03-31;18:00:00;270;G;1.0;G
2016-04-01;06:00:00;340;Y;3.0;Y
2016-04-01;12:00:00;340;Y;7.0;Y
2016-04-01;18:00:00;290;G;3.0;G
2016-04-02;06:00:00;250;G;5.0;G
2016-04-02;12:00:00;200;G;3.0;G
2016-04-02;18:00:00;180;G;3.0;G
2016-04-03;06:00:00;230;G;3.0;G
2016-04-03;12:00:00;270;G;3.0;G
2016-04-03;18:00:00;270;G;3.0;G
2016-04-04;06:00:00;90;G;3.0;G
2016-04-04;12:00:00;110;G;5.0;G
2016-04-04;18:00:00;90;G;3.0;G
2016-04-05;06:00:00;110;G;1.0;G
2016-04-05;12:00:00;110;G;1.0;G
2016-04-05;18:00:00;90;G;1.0;G
2016-04-06;06:00:00;110;G;1.0;G
2016-04-06;12:00:00;250;G;9.0;G
2016-04-06;18:00:00;250;G;3.0;G
2016-04-07;06:00:00;180;G;3.0;G
2016-04-07;12:00:00;230;G;3.0;G
2016-04-07;18:00:00;250;G;5.0;G
2016-04-08;06:00:00;180;G;3.0;G
2016-04-08;12:00:00;270;G;5.0;G
2016-04-08;18:00:00;230;G;1.0;G
2016-04-09;06:00:00;230;G;3.0;G
2016-04-09;12:00:00;270;G;5.0;G
2016-04-09;18:00:00;270;G;1.0;G
2016-04-10;06:00:00;0;G;0.0;G
2016-04-10;12:00:00;50;G;3.0;G
2016-04-10;18:00:00;140;G;1.0;G
2016-04-11;06:00:00;0;G;0.0;G
2016-04-11;12:00:00;70;G;1.0;G
2016-04-11;18:00:00;110;G;1.0;G
2016-04-12;06:00:00;0;G;0.0;G
2016-04-12;12:00:00;0;G;0.0;G
2016-04-12;18:00:00;180;G;1.0;G
2016-04-13;06:00:00;0;G;0.0;G
2016-04-13;12:00:00;320;Y;1.0;Y
2016-04-13;18:00:00;70;G;3.0;G
2016-04-14;06:00:00;360;G;5.0;G
2016-04-14;12:00:00;360;G;3.0;G
2016-04-14;18:00:00;140;G;1.0;G
2016-04-15;06:00:00;180;G;1.0;G
2016-04-15;12:00:00;200;G;5.0;G
2016-04-15;18:00:00;200;G;5.0;G
2016-04-16;06:00:00;160;G;3.0;G
2016-04-16;12:00:00;110;G;5.0;G
2016-04-16;18:00:00;180;G;1.0;G
2016-04-17;06:00:00;0;G;0.0;G
2016-04-17;12:00:00;160;G;3.0;G
2016-04-17;18:00:00;250;G;3.0;G
2016-04-18;06:00:00;270;G;5.0;G
2016-04-18;12:00:00;250;G;7.0;G
2016-04-18;18:00:00;250;G;5.0;G
2016-04-19;06:00:00;250;G;3.0;G
2016-04-19;12:00:00;270;G;5.0;G
2016-04-19;18:00:00;340;G;3.0;G
2016-04-20;06:00:00;320;G;7.0;G
2016-04-20;12:00:00;340;G;5.0;G
2016-04-20;18:00:00;20;G;1.0;G
2016-04-21;06:00:00;250;G;3.0;G
2016-04-21;12:00:00;290;G;5.0;G
2016-04-21;18:00:00;320;G;3.0;G
2016-04-22;06:00:00;320;G;5.0;G
2016-04-22;12:00:00;290;G;7.0;G
2016-04-22;18:00:00;270;G;3.0;G
2016-04-23;06:00:00;360;G;5.0;G
2016-04-23;12:00:00;50;G;1.0;G
2016-04-23;18:00:00;270;G;3.0;G
2016-04-24;06:00:00;360;G;1.0;G
2016-04-24;12:00:00;360;G;1.0;G
2016-04-24;18:00:00;360;G;1.0;G
2016-04-25;06:00:00;270;G;3.0;G
2016-04-25;12:00:00;270;G;1.0;G
2016-04-25;18:00:00;180;G;3.0;G
2016-04-26;06:00:00;0;G;0.0;G
2016-04-26;12:00:00;50;G;3.0;G
2016-04-26;18:00:00;50;G;5.0;G
2016-04-27;06:00:00;320;G;3.0;G
2016-04-27;12:00:00;140;G;1.0;G
2016-04-27;18:00:00;140;G;1.0;G
2016-04-28;06:00:00;360;G;5.0;G
2016-04-28;12:00:00;50;G;5.0;G
2016-04-28;18:00:00;90;G;5.0;G
2016-04-29;06:00:00;160;G;5.0;G
2016-04-29;12:00:00;160;G;7.0;G
2016-04-29;18:00:00;160;G;5.0;G
2016-04-30;06:00:00;110;G;5.0;G
2016-04-30;12:00:00;110;G;7.0;G
2016-04-30;18:00:00;90;G;1.0;G
2016-05-01;06:00:00;90;G;1.0;G
2016-05-01;12:00:00;180;G;5.0;G
2016-05-01;18:00:00;180;G;3.0;G
2016-05-02;06:00:00;0;G;0.0;G
2016-05-02;12:00:00;270;G;3.0;G
2016-05-02;18:00:00;200;G;3.0;G
2016-05-03;06:00:00;180;G;1.0;G
2016-05-03;12:00:00;230;G;3.0;G
2016-05-03;18:00:00;200;G;3.0;G
2016-05-04;06:00:00;230;G;1.0;G
2016-05-04;12:00:00;250;G;3.0;G
2016-05-04;18:00:00;270;G;1.0;G
2016-05-05;06:00:00;270;G;1.0;G
2016-05-05;12:00:00;270;G;5.0;G
2016-05-05;18:00:00;270;G;5.0;G
2016-05-06;06:00:00;270;G;1.0;G
2016-05-06;12:00:00;230;G;1.0;G
2016-05-06;18:00:00;230;G;3.0;G
2016-05-07;06:00:00;180;G;1.0;G
2016-05-07;12:00:00;230;G;1.0;G
2016-05-07;18:00:00;180;G;1.0;G
2016-05-08;06:00:00;180;G;1.0;G
2016-05-08;12:00:00;180;G;3.0;G
2016-05-08;18:00:00;160;G;1.0;G
2016-05-09;06:00:00;0;G;0.0;G
2016-05-09;12:00:00;160;G;1.0;G
2016-05-09;18:00:00;180;G;1.0;G
2016-05-10;06:00:00;0;G;0.0;G
2016-05-10;12:00:00;0;G;0.0;G
2016-05-10;18:00:00;200;G;1.0;G
2016-05-11;06:00:00;20;G;5.0;G
2016-05-11;12:00:00;70;G;3.0;G
2016-05-11;18:00:00;50;G;3.0;G
2016-05-12;06:00:00;360;G;1.0;G
2016-05-12;12:00:00;160;G;3.0;G
2016-05-12;18:00:00;160;G;3.0;G
2016-05-13;06:00:00;360;G;1.0;G
2016-05-13;12:00:00;360;G;1.0;G
2016-05-13;18:00:00;20;G;3.0;G
2016-05-14;06:00:00;20;G;5.0;G
2016-05-14;12:00:00;20;G;5.0;G
2016-05-14;18:00:00;360;G;5.0;G
2016-05-15;06:00:00;360;G;7.0;G
2016-05-15;12:00:00;360;G;7.0;G
2016-05-15;18:00:00;360;G;7.0;G
2016-05-16;06:00:00;360;G;1.0;G
2016-05-16;12:00:00;90;G;5.0;G
2016-05-16;18:00:00;50;G;1.0;G
2016-05-17;06:00:00;0;G;0.0;G
2016-05-17;12:00:00;160;G;3.0;G
2016-05-17;18:00:00;180;G;3.0;G
2016-05-18;06:00:00;160;G;3.0;G
2016-05-18;12:00:00;160;G;5.0;G
2016-05-18;18:00:00;230;G;3.0;G
2016-05-19;06:00:00;230;G;1.0;G
2016-05-19;12:00:00;230;G;3.0;G
2016-05-19;18:00:00;200;G;3.0;G
2016-05-20;06:00:00;0;G;0.0;G
2016-05-20;12:00:00;110;G;3.0;G
2016-05-20;18:00:00;200;G;1.0;G
2016-05-21;06:00:00;290;G;5.0;G
2016-05-21;12:00:00;270;G;3.0;G
2016-05-21;18:00:00;290;G;1.0;G
2016-05-22;06:00:00;200;G;1.0;G
2016-05-22;12:00:00;180;G;5.0;G
2016-05-22;18:00:00;160;G;3.0;G
2016-05-23;06:00:00;140;G;3.0;G
2016-05-23;12:00:00;160;G;5.0;G
2016-05-23;18:00:00;140;G;5.0;G
2016-05-24;06:00:00;0;G;0.0;G
2016-05-24;12:00:00;110;G;5.0;G
2016-05-24;18:00:00;20;G;5.0;G
2016-05-25;06:00:00;360;G;5.0;G
2016-05-25;12:00:00;360;G;5.0;G
2016-05-25;18:00:00;360;G;5.0;G
2016-05-26;06:00:00;290;G;7.0;G
2016-05-26;12:00:00;270;G;3.0;G
2016-05-26;18:00:00;360;G;1.0;G
2016-05-27;06:00:00;360;G;3.0;G
2016-05-27;12:00:00;360;G;1.0;G
2016-05-27;18:00:00;140;G;3.0;G
2016-05-28;06:00:00;0;G;0.0;G
2016-05-28;12:00:00;70;G;3.0;G
2016-05-28;18:00:00;70;G;1.0;G
2016-05-29;06:00:00;70;G;3.0;G
2016-05-29;12:00:00;70;G;3.0;G
2016-05-29;18:00:00;70;G;3.0;G
2016-05-30;06:00:00;20;G;3.0;G
2016-05-30;12:00:00;50;G;5.0;G
2016-05-30;18:00:00;70;G;5.0;G
2016-05-31;06:00:00;50;G;1.0;G
2016-05-31;12:00:00;70;G;3.0;G
2016-05-31;18:00:00;20;G;3.0;G
2016-06-01;06:00:00;50;G;3.0;G
2016-06-01;12:00:00;50;G;3.0;G
2016-06-01;18:00:00;70;G;1.0;G
2016-06-02;06:00:00;50;G;1.0;G
2016-06-02;12:00:00;70;G;1.0;G
2016-06-02;18:00:00;50;G;3.0;G
2016-06-03;06:00:00;360;G;1.0;G
2016-06-03;12:00:00;360;G;5.0;G
2016-06-03;18:00:00;20;G;1.0;G
2016-06-04;06:00:00;360;G;5.0;G
2016-06-04;12:00:00;50;G;5.0;G
2016-06-04;18:00:00;50;G;5.0;G
2016-06-05;06:00:00;320;G;3.0;G
2016-06-05;12:00:00;20;G;7.0;G
2016-06-05;18:00:00;20;G;5.0;G
2016-06-06;06:00:00;20;G;3.0;G
2016-06-06;12:00:00;270;G;1.0;G
2016-06-06;18:00:00;180;G;5.0;G
2016-06-07;06:00:00;290;G;3.0;G
2016-06-07;12:00:00;340;G;3.0;G
2016-06-07;18:00:00;230;G;3.0;G
2016-06-08;06:00:00;50;G;7.0;G
2016-06-08;12:00:00;360;G;5.0;G
2016-06-08;18:00:00;340;G;5.0;G
2016-06-09;06:00:00;340;G;5.0;G
2016-06-09;12:00:00;320;G;3.0;G
2016-06-09;18:00:00;140;G;1.0;G
2016-06-10;06:00:00;50;G;5.0;G
2016-06-10;12:00:00;360;G;5.0;G
2016-06-10;18:00:00;360;G;5.0;G
2016-06-11;06:00:00;360;G;5.0;G
2016-06-11;12:00:00;360;G;7.0;G
2016-06-11;18:00:00;360;G;5.0;G
2016-06-12;06:00:00;360;G;3.0;G
2016-06-12;12:00:00;20;G;1.0;G
2016-06-12;18:00:00;110;G;3.0;G
2016-06-13;06:00:00;230;G;1.0;G
2016-06-13;12:00:00;180;G;3.0;G
2016-06-13;18:00:00;230;G;3.0;G
2016-06-14;06:00:00;250;G;1.0;G
2016-06-14;12:00:00;140;G;3.0;G
2016-06-14;18:00:00;140;G;3.0;G
2016-06-15;06:00:00;90;G;1.0;G
2016-06-15;12:00:00;110;G;5.0;G
2016-06-15;18:00:00;70;G;3.0;G
2016-06-16;06:00:00;360;G;3.0;G
2016-06-16;12:00:00;360;G;5.0;G
2016-06-16;18:00:00;0;G;0.0;G
2016-06-17;06:00:00;0;G;0.0;G
2016-06-17;12:00:00;250;G;3.0;G
2016-06-17;18:00:00;360;G;1.0;G
2016-06-18;06:00:00;290;G;5.0;G
2016-06-18;12:00:00;270;G;3.0;G
2016-06-18;18:00:00;270;G;5.0;G
2016-06-19;06:00:00;270;G;1.0;G
2016-06-19;12:00:00;250;G;3.0;G
2016-06-19;18:00:00;270;G;1.0;G
2016-06-20;06:00:00;250;G;3.0;G
2016-06-20;12:00:00;200;G;3.0;G
2016-06-20;18:00:00;200;G;5.0;G
2016-06-21;06:00:00;180;G;3.0;G
2016-06-21;12:00:00;160;G;5.0;G
2016-06-21;18:00:00;200;G;3.0;G
2016-06-22;06:00:00;270;G;5.0;G
2016-06-22;12:00:00;250;G;5.0;G
2016-06-22;18:00:00;200;G;3.0;G
2016-06-23;06:00:00;140;G;1.0;G
2016-06-23;12:00:00;270;G;7.0;G
2016-06-23;18:00:00;270;G;1.0;G
2016-06-24;06:00:00;90;G;1.0;G
2016-06-24;12:00:00;360;G;1.0;G
2016-06-24;18:00:00;270;G;1.0;G
2016-06-25;06:00:00;230;G;1.0;G
2016-06-25;12:00:00;270;G;1.0;G
2016-06-25;18:00:00;270;G;1.0;G
2016-06-26;06:00:00;50;G;1.0;G
2016-06-26;12:00:00;50;G;1.0;G
2016-06-26;18:00:00;50;G;1.0;G
2016-06-27;06:00:00;270;G;3.0;G
2016-06-27;12:00:00;270;G;5.0;G
2016-06-27;18:00:00;160;G;3.0;G
2016-06-28;06:00:00;180;G;3.0;G
2016-06-28;12:00:00;180;G;3.0;G
2016-06-28;18:00:00;250;G;3.0;G
2016-06-29;06:00:00;270;G;1.0;G
2016-06-29;12:00:00;180;G;3.0;G
2016-06-29;18:00:00;140;G;1.0;G
2016-06-30;06:00:00;180;G;3.0;G
2016-06-30;12:00:00;230;G;3.0;G
2016-06-30;18:00:00;200;G;5.0;G
2016-07-01;06:00:00;230;G;5.0;G
2016-07-01;12:00:00;200;G;7.0;G
2016-07-01;18:00:00;180;G;3.0;G
2016-07-02;06:00:00;140;G;1.0;G
2016-07-02;12:00:00;140;G;7.0;G
2016-07-02;18:00:00;230;G;1.0;G
2016-07-03;06:00:00;250;G;3.0;G
2016-07-03;12:00:00;200;G;3.0;G
2016-07-03;18:00:00;200;G;3.0;G
2016-07-04;06:00:00;270;G;1.0;G
2016-07-04;12:00:00;270;G;3.0;G
2016-07-04;18:00:00;320;G;1.0;G
2016-07-05;06:00:00;270;G;3.0;G
2016-07-05;12:00:00;270;G;5.0;G
2016-07-05;18:00:00;90;G;1.0;G
2016-07-06;06:00:00;360;G;3.0;G
2016-07-06;12:00:00;340;G;3.0;G
2016-07-06;18:00:00;160;G;1.0;G
2016-07-07;06:00:00;320;G;5.0;G
2016-07-07;12:00:00;290;G;7.0;G
2016-07-07;18:00:00;290;G;3.0;G
2016-07-08;06:00:00;290;G;1.0;G
2016-07-08;12:00:00;270;G;3.0;G
2016-07-08;18:00:00;270;G;3.0;G
2016-07-09;06:00:00;250;G;1.0;G
2016-07-09;12:00:00;230;G;3.0;G
2016-07-09;18:00:00;140;G;3.0;G
2016-07-10;06:00:00;270;G;3.0;G
2016-07-10;12:00:00;270;G;3.0;G
2016-07-10;18:00:00;200;G;3.0;G
2016-07-11;06:00:00;230;G;1.0;G
2016-07-11;12:00:00;200;Y;5.0;Y
2016-07-11;18:00:00;230;G;3.0;G
2016-07-12;06:00:00;250;G;5.0;G
2016-07-12;12:00:00;230;G;5.0;G
2016-07-12;18:00:00;250;G;5.0;G
2016-07-13;06:00:00;250;G;3.0;G
2016-07-13;12:00:00;250;G;7.0;G
2016-07-13;18:00:00;270;G;3.0;G
2016-07-14;06:00:00;270;G;5.0;G
2016-07-14;12:00:00;290;G;3.0;G
2016-07-14;18:00:00;230;G;3.0;G
2016-07-15;06:00:00;20;G;1.0;G
2016-07-15;12:00:00;360;G;3.0;G
2016-07-15;18:00:00;320;G;5.0;G
2016-07-16;06:00:00;250;G;5.0;G
2016-07-16;12:00:00;230;G;5.0;G
2016-07-16;18:00:00;250;G;5.0;G
2016-07-17;06:00:00;250;G;7.0;G
2016-07-17;12:00:00;270;G;5.0;G
2016-07-17;18:00:00;270;G;3.0;G
2016-07-18;06:00:00;270;G;3.0;G
2016-07-18;12:00:00;230;G;3.0;G
2016-07-18;18:00:00;360;G;1.0;G
2016-07-19;06:00:00;320;G;1.0;G
2016-07-19;12:00:00;340;G;1.0;G
2016-07-19;18:00:00;140;G;3.0;G
2016-07-20;06:00:00;140;G;1.0;G
2016-07-20;12:00:00;20;G;1.0;G
2016-07-20;18:00:00;290;G;1.0;G
2016-07-21;06:00:00;360;G;1.0;G
2016-07-21;12:00:00;50;G;5.0;G
2016-07-21;18:00:00;20;G;5.0;G
2016-07-22;06:00:00;340;G;1.0;G
2016-07-22;12:00:00;70;G;3.0;G
2016-07-22;18:00:00;50;G;1.0;G
2016-07-23;06:00:00;360;G;1.0;G
2016-07-23;12:00:00;50;G;3.0;G
2016-07-23;18:00:00;140;G;1.0;G
2016-07-24;06:00:00;180;G;1.0;G
2016-07-24;12:00:00;290;G;3.0;G
2016-07-24;18:00:00;110;G;1.0;G
2016-07-25;06:00:00;180;G;1.0;G
2016-07-25;12:00:00;140;G;5.0;G
2016-07-25;18:00:00;180;G;3.0;G
2016-07-26;06:00:00;180;G;5.0;G
2016-07-26;12:00:00;140;G;1.0;G
2016-07-26;18:00:00;0;G;0.0;G
2016-07-27;06:00:00;250;G;3.0;G
2016-07-27;12:00:00;250;G;3.0;G
2016-07-27;18:00:00;230;G;3.0;G
2016-07-28;06:00:00;200;G;3.0;G
2016-07-28;12:00:00;160;G;3.0;G
2016-07-28;18:00:00;180;G;3.0;G
2016-07-29;06:00:00;0;G;0.0;G
2016-07-29;12:00:00;270;G;1.0;G
2016-07-29;18:00:00;200;G;3.0;G
2016-07-30;06:00:00;0;G;0.0;G
2016-07-30;12:00:00;230;G;5.0;G
2016-07-30;18:00:00;270;G;1.0;G
2016-07-31;06:00:00;250;G;3.0;G
2016-07-31;12:00:00;270;G;5.0;G
2016-07-31;18:00:00;270;G;5.0;G
2016-08-01;06:00:00;230;G;3.0;G
2016-08-01;12:00:00;230;G;3.0;G
2016-08-01;18:00:00;200;G;3.0;G
2016-08-02;06:00:00;250;G;5.0;G
2016-08-02;12:00:00;230;G;3.0;G
2016-08-02;18:00:00;230;G;3.0;G
2016-08-03;06:00:00;270;G;3.0;G
2016-08-03;12:00:00;270;G;1.0;G
2016-08-03;18:00:00;180;G;5.0;G
2016-08-04;06:00:00;270;G;5.0;G
2016-08-04;12:00:00;320;G;5.0;G
2016-08-04;18:00:00;180;G;1.0;G
2016-08-05;06:00:00;230;G;1.0;G
2016-08-05;12:00:00;230;G;1.0;G
2016-08-05;18:00:00;180;G;1.0;G
2016-08-06;06:00:00;230;G;1.0;G
2016-08-06;12:00:00;250;G;5.0;G
2016-08-06;18:00:00;250;G;3.0;G
2016-08-07;06:00:00;250;G;1.0;G
2016-08-07;12:00:00;90;G;3.0;G
2016-08-07;18:00:00;250;G;5.0;G
2016-08-08;06:00:00;200;G;3.0;G
2016-08-08;12:00:00;200;G;5.0;G
2016-08-08;18:00:00;250;G;7.0;G
2016-08-09;06:00:00;230;G;3.0;G
2016-08-09;12:00:00;250;G;7.0;G
2016-08-09;18:00:00;250;Y;7.0;Y
2016-08-10;06:00:00;200;G;5.0;G
2016-08-10;12:00:00;180;G;5.0;G
2016-08-10;18:00:00;180;G;5.0;G
2016-08-11;06:00:00;290;G;3.0;G
2016-08-11;12:00:00;290;G;5.0;G
2016-08-11;18:00:00;200;G;3.0;G
2016-08-12;06:00:00;250;G;1.0;G
2016-08-12;12:00:00;230;G;5.0;G
2016-08-12;18:00:00;180;G;3.0;G
2016-08-13;06:00:00;250;G;5.0;G
2016-08-13;12:00:00;230;G;7.0;G
2016-08-13;18:00:00;230;G;3.0;G
2016-08-14;06:00:00;320;G;3.0;G
2016-08-14;12:00:00;360;G;7.0;G
2016-08-14;18:00:00;290;G;1.0;G
2016-08-15;06:00:00;320;G;5.0;G
2016-08-15;12:00:00;320;G;3.0;G
2016-08-15;18:00:00;320;G;5.0;G
2016-08-16;06:00:00;360;G;7.0;G
2016-08-16;12:00:00;360;G;7.0;G
2016-08-16;18:00:00;340;G;5.0;G
2016-08-17;06:00:00;360;G;7.0;G
2016-08-17;12:00:00;340;G;7.0;G
2016-08-17;18:00:00;360;G;3.0;G
2016-08-18;06:00:00;20;G;5.0;G
2016-08-18;12:00:00;50;G;1.0;G
2016-08-18;18:00:00;50;G;1.0;G
2016-08-19;06:00:00;110;G;3.0;G
2016-08-19;12:00:00;110;G;1.0;G
2016-08-19;18:00:00;180;G;3.0;G
2016-08-20;06:00:00;180;G;1.0;G
2016-08-20;12:00:00;180;G;3.0;G
2016-08-20;18:00:00;200;G;1.0;G
2016-08-21;06:00:00;0;G;0.0;G
2016-08-21;12:00:00;110;G;1.0;G
2016-08-21;18:00:00;0;G;0.0;G
2016-08-22;06:00:00;290;G;3.0;G
2016-08-22;12:00:00;230;G;1.0;G
2016-08-22;18:00:00;200;G;3.0;G
2016-08-23;06:00:00;270;G;1.0;G
2016-08-23;12:00:00;290;G;3.0;G
2016-08-23;18:00:00;270;G;1.0;G
2016-08-24;06:00:00;0;G;0.0;G
2016-08-24;12:00:00;110;G;1.0;G
2016-08-24;18:00:00;140;G;5.0;G
2016-08-25;06:00:00;230;G;3.0;G
2016-08-25;12:00:00;250;G;3.0;G
2016-08-25;18:00:00;180;G;1.0;G
2016-08-26;06:00:00;230;G;1.0;G
2016-08-26;12:00:00;180;G;3.0;G
2016-08-26;18:00:00;180;G;5.0;G
2016-08-27;06:00:00;250;G;7.0;G
2016-08-27;12:00:00;290;G;9.0;G
2016-08-27;18:00:00;270;Y;5.0;Y
2016-08-28;06:00:00;50;G;1.0;G
2016-08-28;12:00:00;50;G;3.0;G
2016-08-28;18:00:00;70;G;1.0;G
2016-08-29;06:00:00;50;G;1.0;G
2016-08-29;12:00:00;0;G;0.0;G
2016-08-29;18:00:00;0;G;0.0;G
2016-08-30;06:00:00;270;G;3.0;G
2016-08-30;12:00:00;290;G;5.0;G
2016-08-30;18:00:00;270;G;3.0;G
2016-08-31;06:00:00;270;G;3.0;G
2016-08-31;12:00:00;270;G;3.0;G
2016-08-31;18:00:00;200;G;3.0;G
2016-09-01;06:00:00;230;G;1.0;G
2016-09-01;12:00:00;230;G;3.0;G
2016-09-01;18:00:00;0;G;0.0;G
2016-09-02;06:00:00;250;G;5.0;G
2016-09-02;12:00:00;290;G;5.0;G
2016-09-02;18:00:00;270;G;1.0;G
2016-09-03;06:00:00;180;G;1.0;G
2016-09-03;12:00:00;180;G;3.0;G
2016-09-03;18:00:00;200;G;1.0;G
2016-09-04;06:00:00;270;G;3.0;G
2016-09-04;12:00:00;270;G;3.0;G
2016-09-04;18:00:00;50;G;1.0;G
2016-09-05;06:00:00;360;G;3.0;G
2016-09-05;12:00:00;360;G;3.0;G
2016-09-05;18:00:00;50;G;1.0;G
2016-09-06;06:00:00;230;G;1.0;G
2016-09-06;12:00:00;250;G;7.0;G
2016-09-06;18:00:00;250;G;5.0;G
2016-09-07;06:00:00;270;G;5.0;G
2016-09-07;12:00:00;250;G;7.0;G
2016-09-07;18:00:00;270;G;3.0;G
2016-09-08;06:00:00;50;G;3.0;G
2016-09-08;12:00:00;70;G;1.0;G
2016-09-08;18:00:00;140;G;1.0;G
2016-09-09;06:00:00;140;G;1.0;G
2016-09-09;12:00:00;140;G;3.0;G
2016-09-09;18:00:00;140;G;1.0;G
2016-09-10;06:00:00;230;G;1.0;G
2016-09-10;12:00:00;230;G;5.0;G
2016-09-10;18:00:00;230;G;1.0;G
2016-09-11;06:00:00;180;G;5.0;G
2016-09-11;12:00:00;180;G;7.0;G
2016-09-11;18:00:00;230;G;3.0;G
2016-09-12;06:00:00;270;G;1.0;G
2016-09-12;12:00:00;270;G;3.0;G
2016-09-12;18:00:00;270;G;1.0;G
2016-09-13;06:00:00;0;G;0.0;G
2016-09-13;12:00:00;270;G;3.0;G
2016-09-13;18:00:00;0;G;0.0;G
2016-09-14;06:00:00;0;G;0.0;G
2016-09-14;12:00:00;90;G;1.0;G
2016-09-14;18:00:00;180;G;3.0;G
2016-09-15;06:00:00;0;G;0.0;G
2016-09-15;12:00:00;20;G;1.0;G
2016-09-15;18:00:00;360;G;5.0;G
2016-09-16;06:00:00;360;G;1.0;G
2016-09-16;12:00:00;50;G;3.0;G
2016-09-16;18:00:00;50;G;1.0;G
2016-09-17;06:00:00;360;G;1.0;G
2016-09-17;12:00:00;140;G;1.0;G
2016-09-17;18:00:00;90;G;1.0;G
2016-09-18;06:00:00;0;G;0.0;G
2016-09-18;12:00:00;290;G;1.0;G
2016-09-18;18:00:00;110;G;1.0;G
2016-09-19;06:00:00;0;G;0.0;G
2016-09-19;12:00:00;340;G;1.0;G
2016-09-19;18:00:00;290;G;1.0;G
2016-09-20;06:00:00;50;G;1.0;G
2016-09-20;12:00:00;70;G;1.0;G
2016-09-20;18:00:00;0;G;0.0;G
2016-09-21;06:00:00;0;G;0.0;G
2016-09-21;12:00:00;360;G;1.0;G
2016-09-21;18:00:00;140;G;1.0;G
2016-09-22;06:00:00;360;G;1.0;G
2016-09-22;12:00:00;360;G;1.0;G
2016-09-22;18:00:00;50;G;1.0;G
2016-09-23;06:00:00;360;G;1.0;G
2016-09-23;12:00:00;340;G;1.0;G
2016-09-23;18:00:00;0;G;0.0;G
2016-09-24;06:00:00;70;G;1.0;G
2016-09-24;12:00:00;0;G;0.0;G
2016-09-24;18:00:00;180;G;3.0;G
2016-09-25;06:00:00;200;G;3.0;G
2016-09-25;12:00:00;230;G;3.0;G
2016-09-25;18:00:00;180;G;3.0;G
2016-09-26;06:00:00;200;G;1.0;G
2016-09-26;12:00:00;200;G;5.0;G
2016-09-26;18:00:00;180;G;3.0;G
2016-09-27;06:00:00;180;G;1.0;G
2016-09-27;12:00:00;180;G;3.0;G
2016-09-27;18:00:00;180;G;3.0;G
2016-09-28;06:00:00;200;G;1.0;G
2016-09-28;12:00:00;250;G;5.0;G
2016-09-28;18:00:00;250;G;3.0;G
2016-09-29;06:00:00;200;G;3.0;G
2016-09-29;12:00:00;200;G;7.0;G
2016-09-29;18:00:00;250;G;5.0;G
2016-09-30;06:00:00;250;G;7.0;G
2016-09-30;12:00:00;250;G;7.0;G
2016-09-30;18:00:00;250;G;7.0;G
2016-10-01;06:00:00;250;G;5.0;G
2016-10-01;12:00:00;270;G;7.0;G
2016-10-01;18:00:00;0;G;0.0;G
2016-10-02;06:00:00;0;G;0.0;G
2016-10-02;12:00:00;20;G;3.0;G
2016-10-02;18:00:00;360;G;7.0;G
2016-10-03;06:00:00;360;G;5.0;G
2016-10-03;12:00:00;360;G;5.0;G
2016-10-03;18:00:00;360;G;3.0;G
2016-10-04;06:00:00;360;G;5.0;G
2016-10-04;12:00:00;20;G;9.0;G
2016-10-04;18:00:00;360;G;3.0;G
2016-10-05;06:00:00;360;G;3.0;G
2016-10-05;12:00:00;360;G;7.0;G
2016-10-05;18:00:00;20;G;3.0;G
2016-10-06;06:00:00;20;G;5.0;G
2016-10-06;12:00:00;20;G;7.0;G
2016-10-06;18:00:00;360;G;5.0;G
2016-10-07;06:00:00;360;G;5.0;G
2016-10-07;12:00:00;360;G;7.0;G
2016-10-07;18:00:00;50;G;5.0;G
2016-10-08;06:00:00;20;G;7.0;G
2016-10-08;12:00:00;20;G;7.0;G
2016-10-08;18:00:00;20;G;7.0;G
2016-10-09;06:00:00;20;G;1.0;G
2016-10-09;12:00:00;70;G;3.0;G
2016-10-09;18:00:00;50;G;5.0;G
2016-10-10;06:00:00;20;G;5.0;G
2016-10-10;12:00:00;50;G;5.0;G
2016-10-10;18:00:00;20;G;5.0;G
2016-10-11;06:00:00;20;G;3.0;G
2016-10-11;12:00:00;20;G;1.0;G
2016-10-11;18:00:00;50;G;1.0;G
2016-10-12;06:00:00;20;G;3.0;G
2016-10-12;12:00:00;50;G;3.0;G
2016-10-12;18:00:00;50;G;1.0;G
2016-10-13;06:00:00;360;G;1.0;G
2016-10-13;12:00:00;20;G;1.0;G
2016-10-13;18:00:00;50;G;1.0;G
2016-10-14;06:00:00;50;G;1.0;G
2016-10-14;12:00:00;70;G;1.0;G
2016-10-14;18:00:00;70;G;3.0;G
2016-10-15;06:00:00;90;G;1.0;G
2016-10-15;12:00:00;90;G;3.0;G
2016-10-15;18:00:00;90;G;3.0;G
2016-10-16;06:00:00;140;G;3.0;G
2016-10-16;12:00:00;140;G;1.0;G
2016-10-16;18:00:00;140;G;1.0;G
2016-10-17;06:00:00;140;G;3.0;G
2016-10-17;12:00:00;140;G;3.0;G
2016-10-17;18:00:00;140;G;1.0;G
2016-10-18;06:00:00;110;G;3.0;G
2016-10-18;12:00:00;110;G;3.0;G
2016-10-18;18:00:00;110;G;1.0;G
2016-10-19;06:00:00;90;G;1.0;G
2016-10-19;12:00:00;110;G;3.0;G
2016-10-19;18:00:00;90;G;3.0;G
2016-10-20;06:00:00;70;G;1.0;G
2016-10-20;12:00:00;70;G;3.0;G
2016-10-20;18:00:00;70;Y;3.0;Y
2016-10-21;06:00:00;70;G;5.0;G
2016-10-21;12:00:00;70;G;5.0;G
2016-10-21;18:00:00;70;G;5.0;G
2016-10-22;06:00:00;70;G;7.0;G
2016-10-22;12:00:00;70;G;5.0;G
2016-10-22;18:00:00;70;G;5.0;G
2016-10-23;06:00:00;70;G;5.0;G
2016-10-23;12:00:00;70;G;5.0;G
2016-10-23;18:00:00;90;G;1.0;G
2016-10-24;06:00:00;90;G;3.0;G
2016-10-24;12:00:00;110;G;3.0;G
2016-10-24;18:00:00;90;G;1.0;G
2016-10-25;06:00:00;50;G;1.0;G
2016-10-25;12:00:00;360;G;3.0;G
2016-10-25;18:00:00;340;G;1.0;G
2016-10-26;06:00:00;290;G;1.0;G
2016-10-26;12:00:00;250;G;3.0;G
2016-10-26;18:00:00;200;G;3.0;G
2016-10-27;06:00:00;230;G;5.0;G
2016-10-27;12:00:00;230;G;5.0;G
2016-10-27;18:00:00;320;G;5.0;G
2016-10-28;06:00:00;250;G;3.0;G
2016-10-28;12:00:00;270;G;7.0;G
2016-10-28;18:00:00;290;G;3.0;G
2016-10-29;06:00:00;340;G;7.0;G
2016-10-29;12:00:00;290;G;7.0;G
2016-10-29;18:00:00;290;G;7.0;G
2016-10-30;06:00:00;320;G;5.0;G
2016-10-30;12:00:00;320;G;5.0;G
2016-10-30;18:00:00;320;G;1.0;G
2016-10-31;06:00:00;320;G;1.0;G
2016-10-31;12:00:00;360;G;1.0;G
2016-10-31;18:00:00;90;G;1.0;G
2016-11-01;06:00:00;110;G;5.0;G
2016-11-01;12:00:00;110;G;9.0;G
2016-11-01;18:00:00;90;G;7.0;G
2016-11-02;06:00:00;50;G;7.0;G
2016-11-02;12:00:00;20;G;7.0;G
2016-11-02;18:00:00;360;G;5.0;G
2016-11-03;06:00:00;320;G;5.0;G
2016-11-03;12:00:00;320;G;5.0;G
2016-11-03;18:00:00;320;G;3.0;G
2016-11-04;06:00:00;340;G;1.0;G
2016-11-04;12:00:00;0;G;0.0;G
2016-11-04;18:00:00;50;G;1.0;G
2016-11-05;06:00:00;0;G;0.0;G
2016-11-05;12:00:00;50;G;1.0;G
2016-11-05;18:00:00;50;G;3.0;G
2016-11-06;06:00:00;20;G;9.0;G
2016-11-06;12:00:00;20;G;7.0;G
2016-11-06;18:00:00;360;G;5.0;G
2016-11-07;06:00:00;50;G;7.0;G
2016-11-07;12:00:00;360;G;5.0;G
2016-11-07;18:00:00;360;G;5.0;G
2016-11-08;06:00:00;20;G;5.0;G
2016-11-08;12:00:00;20;G;5.0;G
2016-11-08;18:00:00;20;G;5.0;G
2016-11-09;06:00:00;90;G;5.0;G
2016-11-09;12:00:00;90;G;1.0;G
2016-11-09;18:00:00;0;G;0.0;G
2016-11-10;06:00:00;0;G;0.0;G
2016-11-10;12:00:00;110;G;3.0;G
2016-11-10;18:00:00;360;G;3.0;G
2016-11-11;06:00:00;320;G;3.0;G
2016-11-11;12:00:00;270;G;3.0;G
2016-11-11;18:00:00;270;G;5.0;G
2016-11-12;06:00:00;0;G;0.0;G
2016-11-12;12:00:00;270;G;5.0;G
2016-11-12;18:00:00;270;G;1.0;G
2016-11-13;06:00:00;230;G;3.0;G
2016-11-13;12:00:00;230;G;3.0;G
2016-11-13;18:00:00;230;G;3.0;G
2016-11-14;06:00:00;270;G;1.0;G
2016-11-14;12:00:00;230;G;5.0;G
2016-11-14;18:00:00;180;G;5.0;G
2016-11-15;06:00:00;180;G;1.0;G
2016-11-15;12:00:00;180;G;3.0;G
2016-11-15;18:00:00;200;G;3.0;G
2016-11-16;06:00:00;250;G;3.0;G
2016-11-16;12:00:00;140;G;1.0;G
2016-11-16;18:00:00;180;G;3.0;G
2016-11-17;06:00:00;250;G;3.0;G
2016-11-17;12:00:00;250;G;3.0;G
2016-11-17;18:00:00;200;G;3.0;G
2016-11-18;06:00:00;200;G;5.0;G
2016-11-18;12:00:00;180;G;5.0;G
2016-11-18;18:00:00;160;G;3.0;G
2016-11-19;06:00:00;180;G;3.0;G
2016-11-19;12:00:00;200;G;3.0;G
2016-11-19;18:00:00;180;G;3.0;G
2016-11-20;06:00:00;180;G;1.0;G
2016-11-20;12:00:00;200;G;3.0;G
2016-11-20;18:00:00;110;G;5.0;G
2016-11-21;06:00:00;200;G;7.0;G
2016-11-21;12:00:00;200;G;5.0;G
2016-11-21;18:00:00;160;G;3.0;G
2016-11-22;06:00:00;160;G;3.0;G
2016-11-22;12:00:00;180;G;5.0;G
2016-11-22;18:00:00;160;G;5.0;G
2016-11-23;06:00:00;230;G;3.0;G
2016-11-23;12:00:00;230;G;3.0;G
2016-11-23;18:00:00;200;G;3.0;G
2016-11-24;06:00:00;290;G;7.0;G
2016-11-24;12:00:00;270;G;5.0;G
2016-11-24;18:00:00;290;G;5.0;G
2016-11-25;06:00:00;250;G;3.0;G
2016-11-25;12:00:00;200;G;3.0;G
2016-11-25;18:00:00;250;G;5.0;G
2016-11-26;06:00:00;270;G;5.0;G
2016-11-26;12:00:00;290;G;9.0;G
2016-11-26;18:00:00;290;G;5.0;G
2016-11-27;06:00:00;320;G;5.0;G
2016-11-27;12:00:00;340;G;7.0;G
2016-11-27;18:00:00;360;G;7.0;G
2016-11-28;06:00:00;320;G;5.0;G
2016-11-28;12:00:00;290;G;7.0;G
2016-11-28;18:00:00;290;G;5.0;G
2016-11-29;06:00:00;270;G;1.0;G
2016-11-29;12:00:00;200;G;1.0;G
2016-11-29;18:00:00;230;G;5.0;G
2016-11-30;06:00:00;270;G;3.0;G
2016-11-30;12:00:00;290;G;7.0;G
2016-11-30;18:00:00;290;G;5.0;G
2016-12-01;06:00:00;290;G;5.0;G
2016-12-01;12:00:00;290;G;5.0;G
2016-12-01;18:00:00;290;G;3.0;G
2016-12-02;06:00:00;320;G;5.0;G
2016-12-02;12:00:00;320;G;7.0;G
2016-12-02;18:00:00;340;G;5.0;G
2016-12-03;06:00:00;320;G;3.0;G
2016-12-03;12:00:00;340;G;3.0;G
2016-12-03;18:00:00;320;G;1.0;G
2016-12-04;06:00:00;230;G;3.0;G
2016-12-04;12:00:00;230;G;3.0;G
2016-12-04;18:00:00;250;G;7.0;G
2016-12-05;06:00:00;270;G;5.0;G
2016-12-05;12:00:00;320;G;7.0;G
2016-12-05;18:00:00;340;G;7.0;G
2016-12-06;06:00:00;340;G;5.0;G
2016-12-06;12:00:00;360;G;1.0;G
2016-12-06;18:00:00;250;G;1.0;G
2016-12-07;06:00:00;290;G;5.0;G
2016-12-07;12:00:00;250;G;5.0;G
2016-12-07;18:00:00;200;G;3.0;G
2016-12-08;06:00:00;270;G;5.0;G
2016-12-08;12:00:00;270;G;5.0;G
2016-12-08;18:00:00;290;G;3.0;G
2016-12-09;06:00:00;270;G;3.0;G
2016-12-09;12:00:00;270;G;3.0;G
2016-12-09;18:00:00;290;G;3.0;G
2016-12-10;06:00:00;50;G;1.0;G
2016-12-10;12:00:00;50;G;1.0;G
2016-12-10;18:00:00;90;G;3.0;G
2016-12-11;06:00:00;90;G;1.0;G
2016-12-11;12:00:00;90;G;5.0;G
2016-12-11;18:00:00;20;G;3.0;G
2016-12-12;06:00:00;290;G;3.0;G
2016-12-12;12:00:00;270;G;3.0;G
2016-12-12;18:00:00;250;G;5.0;G
2016-12-13;06:00:00;270;G;3.0;G
2016-12-13;12:00:00;250;G;5.0;G
2016-12-13;18:00:00;290;G;7.0;G
2016-12-14;06:00:00;340;G;5.0;G
2016-12-14;12:00:00;360;G;5.0;G
2016-12-14;18:00:00;320;G;1.0;G
2016-12-15;06:00:00;250;Y;3.0;Y
2016-12-15;12:00:00;250;G;5.0;G
2016-12-15;18:00:00;270;G;5.0;G
2016-12-16;06:00:00;270;G;5.0;G
2016-12-16;12:00:00;270;G;5.0;G
2016-12-16;18:00:00;270;Y;5.0;Y
2016-12-17;06:00:00;270;G;5.0;G
2016-12-17;12:00:00;270;G;3.0;G
2016-12-17;18:00:00;270;G;5.0;G
2016-12-18;06:00:00;270;G;1.0;G
2016-12-18;12:00:00;290;G;1.0;G
2016-12-18;18:00:00;250;G;5.0;G
2016-12-19;06:00:00;270;G;5.0;G
2016-12-19;12:00:00;270;G;3.0;G
2016-12-19;18:00:00;270;G;1.0;G
2016-12-20;06:00:00;270;G;5.0;G
2016-12-20;12:00:00;270;G;5.0;G
2016-12-20;18:00:00;270;G;7.0;G
2016-12-21;06:00:00;180;G;1.0;G
2016-12-21;12:00:00;230;G;5.0;G
2016-12-21;18:00:00;230;G;5.0;G
2016-12-22;06:00:00;230;G;5.0;G
2016-12-22;12:00:00;250;G;3.0;G
2016-12-22;18:00:00;230;G;5.0;G
2016-12-23;06:00:00;250;G;7.0;G
2016-12-23;12:00:00;270;G;7.0;G
2016-12-23;18:00:00;250;G;5.0;G
2016-12-24;06:00:00;230;G;5.0;G
2016-12-24;12:00:00;230;G;9.0;G
2016-12-24;18:00:00;250;G;5.0;G
2016-12-25;06:00:00;250;G;7.0;G
2016-12-25;12:00:00;290;G;7.0;G
2016-12-25;18:00:00;250;G;7.0;G
2016-12-26;06:00:00;250;G;7.0;G
2016-12-26;12:00:00;270;G;7.0;G
2016-12-26;18:00:00;250;G;5.0;G
2016-12-27;06:00:00;320;G;7.0;G
2016-12-27;12:00:00;320;G;7.0;G
2016-12-27;18:00:00;320;G;7.0;G
2016-12-28;06:00:00;320;G;5.0;G
2016-12-28;12:00:00;290;G;1.0;G
2016-12-28;18:00:00;250;G;1.0;G
2016-12-29;06:00:00;270;G;5.0;G
2016-12-29;12:00:00;270;G;3.0;G
2016-12-29;18:00:00;270;G;5.0;G
2016-12-30;06:00:00;270;G;7.0;G
2016-12-30;12:00:00;250;G;7.0;G
2016-12-30;18:00:00;250;G;7.0;G
2016-12-31;06:00:00;270;G;1.0;G
2016-12-31;12:00:00;270;G;5.0;G
2016-12-31;18:00:00;250;G;5.0;G
2017-01-01;06:00:00;270;G;3.0;G
2017-01-01;12:00:00;270;G;5.0;G
2017-01-01;18:00:00;290;G;1.0;G
2017-01-02;06:00:00;320;G;3.0;G
2017-01-02;12:00:00;320;G;4.0;G
2017-01-02;18:00:00;320;G;3.0;G
2017-01-03;06:00:00;320;G;1.0;G
2017-01-03;12:00:00;200;G;4.0;G
2017-01-03;18:00:00;160;G;6.0;G
2017-01-04;06:00:00;70;G;7.0;G
2017-01-04;12:00:00;50;G;5.0;G
2017-01-04;18:00:00;20;G;5.0;G
2017-01-05;06:00:00;320;G;5.0;G
2017-01-05;12:00:00;360;G;3.0;G
2017-01-05;18:00:00;360;G;4.0;G
2017-01-06;06:00:00;270;G;1.0;G
2017-01-06;12:00:00;180;G;2.0;G
2017-01-06;18:00:00;230;G;2.0;G
2017-01-07;06:00:00;230;G;4.0;G
2017-01-07;12:00:00;250;G;1.0;G
2017-01-07;18:00:00;0;G;0.0;G
2017-01-08;06:00:00;250;G;2.0;G
2017-01-08;12:00:00;250;G;4.0;G
2017-01-08;18:00:00;250;G;6.0;G
2017-01-09;06:00:00;270;G;3.0;G
2017-01-09;12:00:00;250;G;2.0;G
2017-01-09;18:00:00;230;G;2.0;G
2017-01-10;06:00:00;200;G;4.0;G
2017-01-10;12:00:00;200;G;7.0;G
2017-01-10;18:00:00;180;G;5.0;G
2017-01-11;06:00:00;200;G;7.0;G
2017-01-11;12:00:00;180;G;9.0;G
2017-01-11;18:00:00;180;G;8.0;G
2017-01-12;06:00:00;200;G;5.0;G
2017-01-12;12:00:00;200;G;2.0;G
2017-01-12;18:00:00;200;G;2.0;G
2017-01-13;06:00:00;230;G;2.0;G
2017-01-13;12:00:00;250;Y;2.0;Y
2017-01-13;18:00:00;250;G;1.0;G
2017-01-14;06:00:00;250;G;2.0;G
2017-01-14;12:00:00;270;G;2.0;G
2017-01-14;18:00:00;320;G;1.0;G
2017-01-15;06:00:00;320;G;3.0;G
2017-01-15;12:00:00;320;G;2.0;G
2017-01-15;18:00:00;290;G;2.0;G
2017-01-16;06:00:00;320;G;1.0;G
2017-01-16;12:00:00;340;G;1.0;G
2017-01-16;18:00:00;340;G;1.0;G
2017-01-17;06:00:00;250;G;2.0;G
2017-01-17;12:00:00;200;Y;2.0;Y
2017-01-17;18:00:00;250;G;3.0;G
2017-01-18;06:00:00;250;G;1.0;G
2017-01-18;12:00:00;250;G;1.0;G
2017-01-18;18:00:00;250;G;3.0;G
2017-01-19;06:00:00;290;G;4.0;G
2017-01-19;12:00:00;250;G;4.0;G
2017-01-19;18:00:00;270;G;5.0;G
2017-01-20;06:00:00;200;G;2.0;G
2017-01-20;12:00:00;270;G;2.0;G
2017-01-20;18:00:00;270;G;5.0;G
2017-01-21;06:00:00;250;G;1.0;G
2017-01-21;12:00:00;270;G;2.0;G
2017-01-21;18:00:00;250;G;1.0;G
2017-01-22;06:00:00;250;G;2.0;G
2017-01-22;12:00:00;270;G;3.0;G
2017-01-22;18:00:00;270;G;2.0;G
2017-01-23;06:00:00;270;G;5.0;G
2017-01-23;12:00:00;270;G;4.0;G
2017-01-23;18:00:00;270;G;3.0;G
2017-01-24;06:00:00;320;G;2.0;G
2017-01-24;12:00:00;360;G;2.0;G
2017-01-24;18:00:00;0;G;0.0;G
2017-01-25;06:00:00;180;Y;3.0;Y
2017-01-25;12:00:00;180;G;3.0;G
2017-01-25;18:00:00;200;G;3.0;G
2017-01-26;06:00:00;270;G;5.0;G
2017-01-26;12:00:00;270;G;5.0;G
2017-01-26;18:00:00;290;G;4.0;G
2017-01-27;06:00:00;270;G;4.0;G
2017-01-27;12:00:00;0;G;0.0;G
2017-01-27;18:00:00;250;G;1.0;G
2017-01-28;06:00:00;200;G;1.0;G
2017-01-28;12:00:00;250;G;1.0;G
2017-01-28;18:00:00;0;G;0.0;G
2017-01-29;06:00:00;200;G;3.0;G
2017-01-29;12:00:00;200;G;6.0;G
2017-01-29;18:00:00;180;G;1.0;G
2017-01-30;06:00:00;200;G;1.0;G
2017-01-30;12:00:00;230;G;2.0;G
2017-01-30;18:00:00;250;G;2.0;G
2017-01-31;06:00:00;0;G;0.0;G
2017-01-31;12:00:00;270;G;2.0;G
2017-01-31;18:00:00;230;G;1.0;G
2017-02-01;06:00:00;250;G;2.0;G
2017-02-01;12:00:00;250;G;3.0;G
2017-02-01;18:00:00;250;G;1.0;G
2017-02-02;06:00:00;250;G;1.0;G
2017-02-02;12:00:00;180;G;4.0;G
2017-02-02;18:00:00;200;G;4.0;G
2017-02-03;06:00:00;230;G;2.0;G
2017-02-03;12:00:00;230;G;1.0;G
2017-02-03;18:00:00;0;G;0.0;G
2017-02-04;06:00:00;140;G;1.0;G
2017-02-04;12:00:00;160;G;2.0;G
2017-02-04;18:00:00;110;G;1.0;G
2017-02-05;06:00:00;70;G;2.0;G
2017-02-05;12:00:00;70;G;3.0;G
2017-02-05;18:00:00;70;G;2.0;G
2017-02-06;06:00:00;70;G;5.0;G
2017-02-06;12:00:00;90;G;6.0;G
2017-02-06;18:00:00;70;G;5.0;G
2017-02-07;06:00:00;70;G;4.0;G
2017-02-07;12:00:00;70;G;5.0;G
2017-02-07;18:00:00;90;G;5.0;G
2017-02-08;06:00:00;70;G;3.0;G
2017-02-08;12:00:00;70;G;4.0;G
2017-02-08;18:00:00;70;G;4.0;G
2017-02-09;06:00:00;20;G;5.0;G
2017-02-09;12:00:00;50;G;4.0;G
2017-02-09;18:00:00;70;G;3.0;G
2017-02-10;06:00:00;70;G;4.0;G
2017-02-10;12:00:00;70;G;2.0;G
2017-02-10;18:00:00;70;G;2.0;G
2017-02-11;06:00:00;0;G;0.0;G
2017-02-11;12:00:00;0;G;0.0;G
2017-02-11;18:00:00;0;G;0.0;G
2017-02-12;06:00:00;250;G;1.0;G
2017-02-12;12:00:00;270;G;3.0;G
2017-02-12;18:00:00;250;G;3.0;G
2017-02-13;06:00:00;250;G;5.0;G
2017-02-13;12:00:00;270;G;3.0;G
2017-02-13;18:00:00;270;G;3.0;G
2017-02-14;06:00:00;290;G;3.0;G
2017-02-14;12:00:00;340;G;2.0;G
2017-02-14;18:00:00;290;G;1.0;G
2017-02-15;06:00:00;0;G;0.0;G
2017-02-15;12:00:00;270;G;3.0;G
2017-02-15;18:00:00;230;G;1.0;G
2017-02-16;06:00:00;270;G;4.0;G
2017-02-16;12:00:00;270;G;2.0;G
2017-02-16;18:00:00;230;G;3.0;G
2017-02-17;06:00:00;270;G;1.0;G
2017-02-17;12:00:00;270;G;4.0;G
2017-02-17;18:00:00;270;G;1.0;G
2017-02-18;06:00:00;270;G;1.0;G
2017-02-18;12:00:00;270;G;5.0;G
2017-02-18;18:00:00;250;G;4.0;G
2017-02-19;06:00:00;270;G;5.0;G
2017-02-19;12:00:00;270;G;6.0;G
2017-02-19;18:00:00;250;G;5.0;G
2017-02-20;06:00:00;250;G;3.0;G
2017-02-20;12:00:00;250;G;2.0;G
2017-02-20;18:00:00;270;G;1.0;G
2017-02-21;06:00:00;20;G;1.0;G
2017-02-21;12:00:00;360;G;2.0;G
2017-02-21;18:00:00;360;Y;1.0;Y
2017-02-22;06:00:00;160;G;4.0;G
2017-02-22;12:00:00;200;G;3.0;G
2017-02-22;18:00:00;250;G;3.0;G
2017-02-23;06:00:00;320;G;7.0;G
2017-02-23;12:00:00;290;G;6.0;G
2017-02-23;18:00:00;250;G;2.0;G
2017-02-24;06:00:00;320;G;4.0;G
2017-02-24;12:00:00;320;G;9.0;G
2017-02-24;18:00:00;270;G;4.0;G
2017-02-25;06:00:00;290;G;4.0;G
2017-02-25;12:00:00;270;G;4.0;G
2017-02-25;18:00:00;200;G;1.0;G
2017-02-26;06:00:00;230;G;2.0;G
2017-02-26;12:00:00;290;G;2.0;G
2017-02-26;18:00:00;320;G;1.0;G
2017-02-27;06:00:00;140;G;2.0;G
2017-02-27;12:00:00;160;G;4.0;G
2017-02-27;18:00:00;180;G;2.0;G
2017-02-28;06:00:00;140;G;3.0;G
2017-02-28;12:00:00;160;G;5.0;G
2017-02-28;18:00:00;180;G;2.0;G
2017-03-01;06:00:00;160;G;5.0;G
2017-03-01;12:00:00;180;G;6.0;G
2017-03-01;18:00:00;180;G;3.0;G
2017-03-02;06:00:00;250;G;3.0;G
2017-03-02;12:00:00;250;G;2.0;G
2017-03-02;18:00:00;200;G;1.0;G
2017-03-03;06:00:00;200;G;2.0;G
2017-03-03;12:00:00;270;G;2.0;G
2017-03-03;18:00:00;270;G;2.0;G
2017-03-04;06:00:00;70;G;3.0;G
2017-03-04;12:00:00;70;G;4.0;G
2017-03-04;18:00:00;50;G;3.0;G
2017-03-05;06:00:00;70;G;6.0;G
2017-03-05;12:00:00;70;G;7.0;G
2017-03-05;18:00:00;70;G;5.0;G
2017-03-06;06:00:00;70;G;5.0;G
2017-03-06;12:00:00;70;G;8.0;G
2017-03-06;18:00:00;50;G;6.0;G
2017-03-07;06:00:00;50;G;6.0;G
2017-03-07;12:00:00;20;G;5.0;G
2017-03-07;18:00:00;50;G;3.0;G
2017-03-08;06:00:00;290;G;3.0;G
2017-03-08;12:00:00;250;G;5.0;G
2017-03-08;18:00:00;230;G;2.0;G
2017-03-09;06:00:00;160;G;5.0;G
2017-03-09;12:00:00;180;G;4.0;G
2017-03-09;18:00:00;180;G;3.0;G
2017-03-10;06:00:00;160;G;1.0;G
2017-03-10;12:00:00;360;G;3.0;G
2017-03-10;18:00:00;340;G;1.0;G
2017-03-11;06:00:00;320;G;2.0;G
2017-03-11;12:00:00;290;G;1.0;G
2017-03-11;18:00:00;0;G;0.0;G
2017-03-12;06:00:00;230;G;1.0;G
2017-03-12;12:00:00;230;G;4.0;G
2017-03-12;18:00:00;200;G;1.0;G
2017-03-13;06:00:00;250;G;1.0;G
2017-03-13;12:00:00;230;G;2.0;G
2017-03-13;18:00:00;180;G;2.0;G
2017-03-14;06:00:00;230;Y;2.0;Y
2017-03-14;12:00:00;200;G;3.0;G
2017-03-14;18:00:00;230;G;2.0;G
2017-03-15;06:00:00;270;G;6.0;G
2017-03-15;12:00:00;290;G;4.0;G
2017-03-15;18:00:00;270;G;4.0;G
2017-03-16;06:00:00;270;G;4.0;G
2017-03-16;12:00:00;250;G;2.0;G
2017-03-16;18:00:00;200;G;4.0;G
2017-03-17;06:00:00;250;G;5.0;G
2017-03-17;12:00:00;250;G;8.0;G
2017-03-17;18:00:00;270;G;3.0;G
2017-03-18;06:00:00;0;Y;0.0;Y
2017-03-18;12:00:00;290;G;1.0;G
2017-03-18;18:00:00;360;G;4.0;G
2017-03-19;06:00:00;340;G;2.0;G
2017-03-19;12:00:00;250;G;2.0;G
2017-03-19;18:00:00;180;G;4.0;G
2017-03-20;06:00:00;140;G;3.0;G
2017-03-20;12:00:00;140;G;1.0;G
2017-03-20;18:00:00;140;G;2.0;G
2017-03-21;06:00:00;90;G;3.0;G
2017-03-21;12:00:00;230;G;7.0;G
2017-03-21;18:00:00;180;G;2.0;G
2017-03-22;06:00:00;230;G;6.0;G
2017-03-22;12:00:00;230;G;5.0;G
2017-03-22;18:00:00;230;G;4.0;G
2017-03-23;06:00:00;250;G;2.0;G
2017-03-23;12:00:00;270;G;3.0;G
2017-03-23;18:00:00;250;G;2.0;G
2017-03-24;06:00:00;290;G;1.0;G
2017-03-24;12:00:00;270;G;3.0;G
2017-03-24;18:00:00;250;G;3.0;G
2017-03-25;06:00:00;270;G;4.0;G
2017-03-25;12:00:00;320;G;8.0;G
2017-03-25;18:00:00;340;G;5.0;G
2017-03-26;06:00:00;250;G;4.0;G
2017-03-26;12:00:00;290;G;6.0;G
2017-03-26;18:00:00;340;G;7.0;G
2017-03-27;06:00:00;290;G;1.0;G
2017-03-27;12:00:00;270;G;4.0;G
2017-03-27;18:00:00;340;G;5.0;G
2017-03-28;06:00:00;340;G;3.0;G
2017-03-28;12:00:00;340;G;4.0;G
2017-03-28;18:00:00;110;G;2.0;G
2017-03-29;06:00:00;110;G;1.0;G
2017-03-29;12:00:00;110;G;2.0;G
2017-03-29;18:00:00;180;G;1.0;G
2017-03-30;06:00:00;180;G;3.0;G
2017-03-30;12:00:00;180;G;5.0;G
2017-03-30;18:00:00;160;G;1.0;G
2017-03-31;06:00:00;320;G;1.0;G
2017-03-31;12:00:00;0;G;0.0;G
2017-03-31;18:00:00;110;G;4.0;G
2017-04-01;06:00:00;160;G;3.0;G
2017-04-01;12:00:00;250;G;4.0;G
2017-04-01;18:00:00;250;G;6.0;G
2017-04-02;06:00:00;250;G;5.0;G
2017-04-02;12:00:00;270;G;5.0;G
2017-04-02;18:00:00;290;G;2.0;G
2017-04-03;06:00:00;20;G;3.0;G
2017-04-03;12:00:00;180;G;1.0;G
2017-04-03;18:00:00;180;G;4.0;G
2017-04-04;06:00:00;200;G;2.0;G
2017-04-04;12:00:00;230;G;4.0;G
2017-04-04;18:00:00;230;Y;2.0;Y
2017-04-05;06:00:00;270;G;5.0;G
2017-04-05;12:00:00;250;G;7.0;G
2017-04-05;18:00:00;290;G;1.0;G
2017-04-06;06:00:00;320;G;2.0;G
2017-04-06;12:00:00;290;G;3.0;G
2017-04-06;18:00:00;270;G;2.0;G
2017-04-07;06:00:00;270;G;2.0;G
2017-04-07;12:00:00;360;G;3.0;G
2017-04-07;18:00:00;20;G;3.0;G
2017-04-08;06:00:00;230;G;1.0;G
2017-04-08;12:00:00;180;G;2.0;G
2017-04-08;18:00:00;160;G;1.0;G
2017-04-09;06:00:00;250;G;4.0;G
2017-04-09;12:00:00;270;G;6.0;G
2017-04-09;18:00:00;270;G;3.0;G
2017-04-10;06:00:00;180;G;4.0;G
2017-04-10;12:00:00;230;G;8.0;G
2017-04-10;18:00:00;270;G;4.0;G
2017-04-11;06:00:00;320;G;3.0;G
2017-04-11;12:00:00;320;Y;6.0;Y
2017-04-11;18:00:00;320;Y;3.0;Y
2017-04-12;06:00:00;180;Y;1.0;Y
2017-04-12;12:00:00;140;Y;1.0;Y
2017-04-12;18:00:00;90;Y;3.0;Y
2017-04-13;06:00:00;360;Y;4.0;Y
2017-04-13;12:00:00;340;Y;4.0;Y
2017-04-13;18:00:00;20;G;3.0;G
2017-04-14;06:00:00;50;G;2.0;G
2017-04-14;12:00:00;50;G;3.0;G
2017-04-14;18:00:00;360;Y;4.0;Y
2017-04-15;06:00:00;360;G;1.0;G
2017-04-15;12:00:00;90;G;1.0;G
2017-04-15;18:00:00;180;G;2.0;G
2017-04-16;06:00:00;340;G;5.0;G
2017-04-16;12:00:00;360;G;4.0;G
2017-04-16;18:00:00;20;G;4.0;G
2017-04-17;06:00:00;360;G;3.0;G
2017-04-17;12:00:00;20;G;1.0;G
2017-04-17;18:00:00;20;G;1.0;G
2017-04-18;06:00:00;360;G;3.0;G
2017-04-18;12:00:00;0;G;0.0;G
2017-04-18;18:00:00;140;G;2.0;G
2017-04-19;06:00:00;0;G;0.0;G
2017-04-19;12:00:00;270;G;2.0;G
2017-04-19;18:00:00;200;G;4.0;G
2017-04-20;06:00:00;230;Y;3.0;Y
2017-04-20;12:00:00;250;Y;6.0;Y
2017-04-20;18:00:00;250;G;5.0;G
2017-04-21;06:00:00;270;G;3.0;G
2017-04-21;12:00:00;290;G;3.0;G
2017-04-21;18:00:00;290;G;1.0;G
2017-04-22;06:00:00;290;G;8.0;G
2017-04-22;12:00:00;320;G;8.0;G
2017-04-22;18:00:00;340;G;4.0;G
2017-04-23;06:00:00;320;G;2.0;G
2017-04-23;12:00:00;320;G;6.0;G
2017-04-23;18:00:00;180;G;1.0;G
2017-04-24;06:00:00;0;G;0.0;G
2017-04-24;12:00:00;180;G;7.0;G
2017-04-24;18:00:00;140;G;5.0;G
2017-04-25;06:00:00;200;G;3.0;G
2017-04-25;12:00:00;160;G;4.0;G
2017-04-25;18:00:00;250;G;2.0;G
2017-04-26;06:00:00;320;G;5.0;G
2017-04-26;12:00:00;320;G;5.0;G
2017-04-26;18:00:00;270;G;3.0;G
2017-04-27;06:00:00;250;G;3.0;G
2017-04-27;12:00:00;230;G;6.0;G
2017-04-27;18:00:00;270;G;2.0;G
2017-04-28;06:00:00;70;G;1.0;G
2017-04-28;12:00:00;50;G;4.0;G
2017-04-28;18:00:00;50;G;3.0;G
2017-04-29;06:00:00;360;G;5.0;G
2017-04-29;12:00:00;20;G;8.0;G
2017-04-29;18:00:00;360;G;5.0;G
2017-04-30;06:00:00;320;G;3.0;G
2017-04-30;12:00:00;290;G;3.0;G
2017-04-30;18:00:00;250;G;2.0;G
2017-05-01;06:00:00;250;G;1.0;G
2017-05-01;12:00:00;250;G;3.0;G
2017-05-01;18:00:00;200;G;5.0;G
2017-05-02;06:00:00;290;G;2.0;G
2017-05-02;12:00:00;50;G;4.0;G
2017-05-02;18:00:00;110;G;3.0;G
2017-05-03;06:00:00;50;G;2.0;G
2017-05-03;12:00:00;50;G;3.0;G
2017-05-03;18:00:00;50;G;5.0;G
2017-05-04;06:00:00;50;G;5.0;G
2017-05-04;12:00:00;90;G;4.0;G
2017-05-04;18:00:00;70;G;3.0;G
2017-05-05;06:00:00;140;G;2.0;G
2017-05-05;12:00:00;270;G;3.0;G
2017-05-05;18:00:00;230;G;2.0;G
2017-05-06;06:00:00;50;G;4.0;G
2017-05-06;12:00:00;20;G;4.0;G
2017-05-06;18:00:00;20;G;4.0;G
2017-05-07;06:00:00;20;G;5.0;G
2017-05-07;12:00:00;20;G;3.0;G
2017-05-07;18:00:00;70;G;3.0;G
2017-05-08;06:00:00;360;G;8.0;G
2017-05-08;12:00:00;360;G;8.0;G
2017-05-08;18:00:00;360;G;7.0;G
2017-05-09;06:00:00;340;G;5.0;G
2017-05-09;12:00:00;360;G;4.0;G
2017-05-09;18:00:00;50;G;2.0;G
2017-05-10;06:00:00;360;G;3.0;G
2017-05-10;12:00:00;0;G;0.0;G
2017-05-10;18:00:00;110;G;1.0;G
2017-05-11;06:00:00;0;G;0.0;G
2017-05-11;12:00:00;110;G;3.0;G
2017-05-11;18:00:00;160;G;3.0;G
2017-05-12;06:00:00;180;G;1.0;G
2017-05-12;12:00:00;160;G;2.0;G
2017-05-12;18:00:00;110;G;3.0;G
2017-05-13;06:00:00;110;G;1.0;G
2017-05-13;12:00:00;110;G;2.0;G
2017-05-13;18:00:00;110;G;3.0;G
2017-05-14;06:00:00;0;G;0.0;G
2017-05-14;12:00:00;160;G;2.0;G
2017-05-14;18:00:00;180;G;1.0;G
2017-05-15;06:00:00;360;G;3.0;G
2017-05-15;12:00:00;360;G;4.0;G
2017-05-15;18:00:00;360;G;4.0;G
2017-05-16;06:00:00;50;G;1.0;G
2017-05-16;12:00:00;180;G;3.0;G
2017-05-16;18:00:00;160;G;4.0;G
2017-05-17;06:00:00;180;G;2.0;G
2017-05-17;12:00:00;180;G;2.0;G
2017-05-17;18:00:00;250;G;3.0;G
2017-05-18;06:00:00;140;G;3.0;G
2017-05-18;12:00:00;140;G;4.0;G
2017-05-18;18:00:00;140;Y;7.0;Y
2017-05-19;06:00:00;180;G;1.0;G
2017-05-19;12:00:00;200;G;3.0;G
2017-05-19;18:00:00;180;G;3.0;G
2017-05-20;06:00:00;320;G;5.0;G
2017-05-20;12:00:00;50;Y;4.0;Y
2017-05-20;18:00:00;50;G;1.0;G
2017-05-21;06:00:00;290;G;1.0;G
2017-05-21;12:00:00;290;G;3.0;G
2017-05-21;18:00:00;270;G;4.0;G
2017-05-22;06:00:00;270;G;3.0;G
2017-05-22;12:00:00;290;G;6.0;G
2017-05-22;18:00:00;270;G;5.0;G
2017-05-23;06:00:00;320;G;1.0;G
2017-05-23;12:00:00;320;G;1.0;G
2017-05-23;18:00:00;90;G;1.0;G
2017-05-24;06:00:00;360;G;1.0;G
2017-05-24;12:00:00;340;G;1.0;G
2017-05-24;18:00:00;110;G;1.0;G
2017-05-25;06:00:00;360;G;4.0;G
2017-05-25;12:00:00;290;G;1.0;G
2017-05-25;18:00:00;180;G;2.0;G
2017-05-26;06:00:00;360;G;4.0;G
2017-05-26;12:00:00;360;G;3.0;G
2017-05-26;18:00:00;160;G;4.0;G
2017-05-27;06:00:00;200;G;1.0;G
2017-05-27;12:00:00;250;G;4.0;G
2017-05-27;18:00:00;270;G;1.0;G
2017-05-28;06:00:00;250;G;4.0;G
2017-05-28;12:00:00;250;G;5.0;G
2017-05-28;18:00:00;250;G;2.0;G
2017-05-29;06:00:00;360;Y;3.0;Y
2017-05-29;12:00:00;360;G;3.0;G
2017-05-29;18:00:00;20;G;2.0;G
2017-05-30;06:00:00;160;G;1.0;G
2017-05-30;12:00:00;160;G;3.0;G
2017-05-30;18:00:00;180;G;2.0;G
2017-05-31;06:00:00;360;G;1.0;G
2017-05-31;12:00:00;360;G;3.0;G
2017-05-31;18:00:00;140;G;1.0;G
2017-06-01;06:00:00;290;G;3.0;G
2017-06-01;12:00:00;320;G;5.0;G
2017-06-01;18:00:00;320;G;3.0;G
2017-06-02;06:00:00;320;G;5.0;G
2017-06-02;12:00:00;360;G;5.0;G
2017-06-02;18:00:00;0;G;0.0;G
2017-06-03;06:00:00;0;G;0.0;G
2017-06-03;12:00:00;250;Y;1.0;Y
2017-06-03;18:00:00;270;G;1.0;G
2017-06-04;06:00:00;140;G;1.0;G
2017-06-04;12:00:00;110;G;1.0;G
2017-06-04;18:00:00;200;G;1.0;G
2017-06-05;06:00:00;180;Y;3.0;Y
2017-06-05;12:00:00;290;G;4.0;G
2017-06-05;18:00:00;270;G;2.0;G
2017-06-06;06:00:00;250;G;2.0;G
2017-06-06;12:00:00;200;G;4.0;G
2017-06-06;18:00:00;160;G;4.0;G
2017-06-07;06:00:00;90;Y;3.0;Y
2017-06-07;12:00:00;90;G;6.0;G
2017-06-07;18:00:00;180;G;4.0;G
2017-06-08;06:00:00;160;G;4.0;G
2017-06-08;12:00:00;160;G;7.0;G
2017-06-08;18:00:00;0;G;0.0;G
2017-06-09;06:00:00;230;G;1.0;G
2017-06-09;12:00:00;160;G;1.0;G
2017-06-09;18:00:00;140;G;3.0;G
2017-06-10;06:00:00;110;G;2.0;G
2017-06-10;12:00:00;140;G;3.0;G
2017-06-10;18:00:00;110;G;1.0;G
2017-06-11;06:00:00;290;G;3.0;G
2017-06-11;12:00:00;230;G;3.0;G
2017-06-11;18:00:00;200;G;2.0;G
2017-06-12;06:00:00;140;G;4.0;G
2017-06-12;12:00:00;270;G;7.0;G
2017-06-12;18:00:00;270;G;1.0;G
2017-06-13;06:00:00;320;G;3.0;G
2017-06-13;12:00:00;320;G;5.0;G
2017-06-13;18:00:00;320;G;3.0;G
2017-06-14;06:00:00;290;G;1.0;G
2017-06-14;12:00:00;270;G;4.0;G
2017-06-14;18:00:00;50;G;1.0;G
2017-06-15;06:00:00;270;G;1.0;G
2017-06-15;12:00:00;90;G;3.0;G
2017-06-15;18:00:00;0;G;0.0;G
2017-06-16;06:00:00;140;G;2.0;G
2017-06-16;12:00:00;140;Y;3.0;Y
2017-06-16;18:00:00;140;G;2.0;G
2017-06-17;06:00:00;0;G;0.0;G
2017-06-17;12:00:00;320;G;1.0;G
2017-06-17;18:00:00;230;G;3.0;G
2017-06-18;06:00:00;270;G;5.0;G
2017-06-18;12:00:00;270;G;7.0;G
2017-06-18;18:00:00;270;G;4.0;G
2017-06-19;06:00:00;290;G;3.0;G
2017-06-19;12:00:00;290;G;2.0;G
2017-06-19;18:00:00;140;G;2.0;G
2017-06-20;06:00:00;290;G;3.0;G
2017-06-20;12:00:00;320;G;2.0;G
2017-06-20;18:00:00;270;G;2.0;G
2017-06-21;06:00:00;320;G;5.0;G
2017-06-21;12:00:00;320;G;3.0;G
2017-06-21;18:00:00;340;G;2.0;G
2017-06-22;06:00:00;0;G;0.0;G
2017-06-22;12:00:00;290;G;3.0;G
2017-06-22;18:00:00;50;G;1.0;G
2017-06-23;06:00:00;90;G;1.0;G
2017-06-23;12:00:00;180;G;1.0;G
2017-06-23;18:00:00;180;G;3.0;G
2017-06-24;06:00:00;180;G;2.0;G
2017-06-24;12:00:00;230;G;3.0;G
2017-06-24;18:00:00;250;G;4.0;G
2017-06-25;06:00:00;250;G;4.0;G
2017-06-25;12:00:00;250;G;4.0;G
2017-06-25;18:00:00;250;G;6.0;G
2017-06-26;06:00:00;230;G;4.0;G
2017-06-26;12:00:00;320;G;6.0;G
2017-06-26;18:00:00;290;G;3.0;G
2017-06-27;06:00:00;290;G;4.0;G
2017-06-27;12:00:00;290;G;5.0;G
2017-06-27;18:00:00;320;G;3.0;G
2017-06-28;06:00:00;360;G;1.0;G
2017-06-28;12:00:00;50;G;1.0;G
2017-06-28;18:00:00;140;G;3.0;G
2017-06-29;06:00:00;50;G;3.0;G
2017-06-29;12:00:00;50;G;5.0;G
2017-06-29;18:00:00;50;G;4.0;G
2017-06-30;06:00:00;50;G;6.0;G
2017-06-30;12:00:00;50;G;9.0;G
2017-06-30;18:00:00;50;G;4.0;G
2017-07-01;06:00:00;50;G;4.0;G
2017-07-01;12:00:00;50;G;3.0;G
2017-07-01;18:00:00;110;G;2.0;G
2017-07-02;06:00:00;0;G;0.0;G
2017-07-02;12:00:00;140;G;1.0;G
2017-07-02;18:00:00;180;G;3.0;G
2017-07-03;06:00:00;250;G;4.0;G
2017-07-03;12:00:00;270;G;4.0;G
2017-07-03;18:00:00;270;G;3.0;G
2017-07-04;06:00:00;340;G;1.0;G
2017-07-04;12:00:00;290;G;5.0;G
2017-07-04;18:00:00;320;G;2.0;G
2017-07-05;06:00:00;320;G;4.0;G
2017-07-05;12:00:00;270;G;5.0;G
2017-07-05;18:00:00;140;G;3.0;G
2017-07-06;06:00:00;360;G;4.0;G
2017-07-06;12:00:00;270;G;4.0;G
2017-07-06;18:00:00;110;G;1.0;G
2017-07-07;06:00:00;0;G;0.0;G
2017-07-07;12:00:00;270;G;3.0;G
2017-07-07;18:00:00;180;G;4.0;G
2017-07-08;06:00:00;180;G;2.0;G
2017-07-08;12:00:00;110;G;3.0;G
2017-07-08;18:00:00;0;G;0.0;G
2017-07-09;06:00:00;50;G;1.0;G
2017-07-09;12:00:00;180;G;1.0;G
2017-07-09;18:00:00;140;G;1.0;G
2017-07-10;06:00:00;230;G;3.0;G
2017-07-10;12:00:00;200;G;3.0;G
2017-07-10;18:00:00;180;G;1.0;G
2017-07-11;06:00:00;70;G;1.0;G
2017-07-11;12:00:00;50;Y;4.0;Y
2017-07-11;18:00:00;360;G;1.0;G
2017-07-12;06:00:00;250;G;3.0;G
2017-07-12;12:00:00;250;G;6.0;G
2017-07-12;18:00:00;250;G;2.0;G
2017-07-13;06:00:00;290;G;4.0;G
2017-07-13;12:00:00;270;G;6.0;G
2017-07-13;18:00:00;290;G;5.0;G
2017-07-14;06:00:00;0;G;0.0;G
2017-07-14;12:00:00;250;G;2.0;G
2017-07-14;18:00:00;180;G;3.0;G
2017-07-15;06:00:00;110;G;1.0;G
2017-07-15;12:00:00;160;G;2.0;G
2017-07-15;18:00:00;160;G;4.0;G
2017-07-16;06:00:00;180;G;3.0;G
2017-07-16;12:00:00;180;G;4.0;G
2017-07-16;18:00:00;200;G;7.0;G
2017-07-17;06:00:00;270;G;2.0;G
2017-07-17;12:00:00;270;G;6.0;G
2017-07-17;18:00:00;270;G;3.0;G
2017-07-18;06:00:00;270;G;3.0;G
2017-07-18;12:00:00;270;G;3.0;G
2017-07-18;18:00:00;290;G;5.0;G
2017-07-19;06:00:00;360;G;3.0;G
2017-07-19;12:00:00;320;G;3.0;G
2017-07-19;18:00:00;110;G;2.0;G
2017-07-20;06:00:00;230;G;1.0;G
2017-07-20;12:00:00;50;G;1.0;G
2017-07-20;18:00:00;110;G;3.0;G
2017-07-21;06:00:00;50;G;1.0;G
2017-07-21;12:00:00;70;G;1.0;G
2017-07-21;18:00:00;140;G;1.0;G
2017-07-22;06:00:00;230;G;2.0;G
2017-07-22;12:00:00;360;G;2.0;G
2017-07-22;18:00:00;90;G;1.0;G
2017-07-23;06:00:00;50;G;1.0;G
2017-07-23;12:00:00;70;G;3.0;G
2017-07-23;18:00:00;90;G;2.0;G
2017-07-24;06:00:00;20;G;2.0;G
2017-07-24;12:00:00;90;G;2.0;G
2017-07-24;18:00:00;50;G;2.0;G
2017-07-25;06:00:00;50;G;1.0;G
2017-07-25;12:00:00;50;G;1.0;G
2017-07-25;18:00:00;20;G;4.0;G
2017-07-26;06:00:00;360;G;1.0;G
2017-07-26;12:00:00;70;G;1.0;G
2017-07-26;18:00:00;70;G;1.0;G
2017-07-27;06:00:00;50;G;1.0;G
2017-07-27;12:00:00;70;G;2.0;G
2017-07-27;18:00:00;110;G;1.0;G
2017-07-28;06:00:00;0;G;0.0;G
2017-07-28;12:00:00;0;G;0.0;G
2017-07-28;18:00:00;180;G;1.0;G
2017-07-29;06:00:00;0;G;0.0;G
2017-07-29;12:00:00;200;G;3.0;G
2017-07-29;18:00:00;200;G;2.0;G
2017-07-30;06:00:00;230;G;4.0;G
2017-07-30;12:00:00;250;G;3.0;G
2017-07-30;18:00:00;180;G;1.0;G
2017-07-31;06:00:00;250;G;3.0;G
2017-07-31;12:00:00;270;G;4.0;G
2017-07-31;18:00:00;270;G;2.0;G
2017-08-01;06:00:00;230;G;3.0;G
2017-08-01;12:00:00;230;G;4.0;G
2017-08-01;18:00:00;160;G;4.0;G
2017-08-02;06:00:00;270;G;2.0;G
2017-08-02;12:00:00;290;G;1.0;G
2017-08-02;18:00:00;230;G;4.0;G
2017-08-03;06:00:00;250;G;3.0;G
2017-08-03;12:00:00;230;G;1.0;G
2017-08-03;18:00:00;110;G;1.0;G
2017-08-04;06:00:00;250;G;5.0;G
2017-08-04;12:00:00;250;G;4.0;G
2017-08-04;18:00:00;250;G;5.0;G
2017-08-05;06:00:00;250;G;3.0;G
2017-08-05;12:00:00;250;G;5.0;G
2017-08-05;18:00:00;250;G;2.0;G
2017-08-06;06:00:00;250;G;2.0;G
2017-08-06;12:00:00;250;G;1.0;G
2017-08-06;18:00:00;270;G;4.0;G
2017-08-07;06:00:00;270;G;3.0;G
2017-08-07;12:00:00;270;G;3.0;G
2017-08-07;18:00:00;250;G;3.0;G
2017-08-08;06:00:00;200;G;2.0;G
2017-08-08;12:00:00;200;G;4.0;G
2017-08-08;18:00:00;180;G;3.0;G
2017-08-09;06:00:00;90;G;2.0;G
2017-08-09;12:00:00;160;G;3.0;G
2017-08-09;18:00:00;140;G;3.0;G
2017-08-10;06:00:00;140;G;4.0;G
2017-08-10;12:00:00;230;G;4.0;G
2017-08-10;18:00:00;250;G;3.0;G
2017-08-11;06:00:00;250;G;1.0;G
2017-08-11;12:00:00;230;G;3.0;G
2017-08-11;18:00:00;200;G;4.0;G
2017-08-12;06:00:00;320;G;1.0;G
2017-08-12;12:00:00;0;G;0.0;G
2017-08-12;18:00:00;270;G;3.0;G
2017-08-13;06:00:00;0;G;0.0;G
2017-08-13;12:00:00;230;G;3.0;G
2017-08-13;18:00:00;320;G;1.0;G
2017-08-14;06:00:00;230;G;4.0;G
2017-08-14;12:00:00;230;G;1.0;G
2017-08-14;18:00:00;180;G;4.0;G
2017-08-15;06:00:00;230;G;1.0;G
2017-08-15;12:00:00;230;G;3.0;G
2017-08-15;18:00:00;140;G;4.0;G
2017-08-16;06:00:00;140;G;7.0;G
2017-08-16;12:00:00;180;G;3.0;G
2017-08-16;18:00:00;230;G;1.0;G
2017-08-17;06:00:00;0;G;0.0;G
2017-08-17;12:00:00;250;G;2.0;G
2017-08-17;18:00:00;200;G;2.0;G
2017-08-18;06:00:00;140;G;3.0;G
2017-08-18;12:00:00;160;G;4.0;G
2017-08-18;18:00:00;180;G;1.0;G
2017-08-19;06:00:00;110;G;3.0;G
2017-08-19;12:00:00;250;G;7.0;G
2017-08-19;18:00:00;250;G;5.0;G
2017-08-20;06:00:00;200;G;2.0;G
2017-08-20;12:00:00;200;G;4.0;G
2017-08-20;18:00:00;180;G;4.0;G
2017-08-21;06:00:00;0;G;0.0;G
2017-08-21;12:00:00;290;Y;2.0;Y
2017-08-21;18:00:00;360;G;3.0;G
2017-08-22;06:00:00;360;G;2.0;G
2017-08-22;12:00:00;360;G;2.0;G
2017-08-22;18:00:00;360;G;1.0;G
2017-08-23;06:00:00;360;G;2.0;G
2017-08-23;12:00:00;360;G;4.0;G
2017-08-23;18:00:00;290;G;1.0;G
2017-08-24;06:00:00;0;G;0.0;G
2017-08-24;12:00:00;270;G;2.0;G
2017-08-24;18:00:00;270;G;2.0;G
2017-08-25;06:00:00;50;G;1.0;G
2017-08-25;12:00:00;360;G;1.0;G
2017-08-25;18:00:00;290;G;1.0;G
2017-08-26;06:00:00;290;G;1.0;G
2017-08-26;12:00:00;290;Y;3.0;Y
2017-08-26;18:00:00;0;G;0.0;G
2017-08-27;06:00:00;50;G;1.0;G
2017-08-27;12:00:00;70;G;2.0;G
2017-08-27;18:00:00;20;G;1.0;G
2017-08-28;06:00:00;0;G;0.0;G
2017-08-28;12:00:00;250;G;2.0;G
2017-08-28;18:00:00;200;G;3.0;G
2017-08-29;06:00:00;200;G;2.0;G
2017-08-29;12:00:00;180;G;5.0;G
2017-08-29;18:00:00;180;G;3.0;G
2017-08-30;06:00:00;230;G;4.0;G
2017-08-30;12:00:00;250;G;5.0;G
2017-08-30;18:00:00;270;G;1.0;G
2017-08-31;06:00:00;70;G;1.0;G
2017-08-31;12:00:00;90;G;1.0;G
2017-08-31;18:00:00;270;G;3.0;G
2017-09-01;06:00:00;320;G;1.0;G
2017-09-01;12:00:00;270;G;1.0;G
2017-09-01;18:00:00;270;G;1.0;G
2017-09-02;06:00:00;0;G;0.0;G
2017-09-02;12:00:00;20;G;1.0;G
2017-09-02;18:00:00;340;G;2.0;G
2017-09-03;06:00:00;20;G;4.0;G
2017-09-03;12:00:00;50;G;4.0;G
2017-09-03;18:00:00;50;G;3.0;G
2017-09-04;06:00:00;50;G;4.0;G
2017-09-04;12:00:00;70;G;7.0;G
2017-09-04;18:00:00;70;G;4.0;G
2017-09-05;06:00:00;90;G;3.0;G
2017-09-05;12:00:00;70;G;5.0;G
2017-09-05;18:00:00;90;G;1.0;G
2017-09-06;06:00:00;90;G;1.0;G
2017-09-06;12:00:00;140;G;2.0;G
2017-09-06;18:00:00;50;G;1.0;G
2017-09-07;06:00:00;360;G;1.0;G
2017-09-07;12:00:00;20;G;2.0;G
2017-09-07;18:00:00;360;G;1.0;G
2017-09-08;06:00:00;270;G;1.0;G
2017-09-08;12:00:00;250;G;1.0;G
2017-09-08;18:00:00;140;G;1.0;G
2017-09-09;06:00:00;0;G;0.0;G
2017-09-09;12:00:00;160;G;3.0;G
2017-09-09;18:00:00;140;G;2.0;G
2017-09-10;06:00:00;230;G;2.0;G
2017-09-10;12:00:00;230;G;2.0;G
2017-09-10;18:00:00;180;G;1.0;G
2017-09-11;06:00:00;180;G;4.0;G
2017-09-11;12:00:00;160;G;5.0;G
2017-09-11;18:00:00;140;G;3.0;G
2017-09-12;06:00:00;160;G;3.0;G
2017-09-12;12:00:00;200;G;4.0;G
2017-09-12;18:00:00;200;G;2.0;G
2017-09-13;06:00:00;230;G;1.0;G
2017-09-13;12:00:00;200;G;2.0;G
2017-09-13;18:00:00;110;G;1.0;G
2017-09-14;06:00:00;360;G;3.0;G
2017-09-14;12:00:00;20;G;4.0;G
2017-09-14;18:00:00;0;G;0.0;G
2017-09-15;06:00:00;320;G;2.0;G
2017-09-15;12:00:00;340;G;1.0;G
2017-09-15;18:00:00;50;G;1.0;G
2017-09-16;06:00:00;270;G;1.0;G
2017-09-16;12:00:00;270;G;1.0;G
2017-09-16;18:00:00;0;G;0.0;G
2017-09-17;06:00:00;50;G;1.0;G
2017-09-17;12:00:00;70;G;1.0;G
2017-09-17;18:00:00;0;G;0.0;G
2017-09-18;06:00:00;360;G;2.0;G
2017-09-18;12:00:00;340;G;5.0;G
2017-09-18;18:00:00;340;G;3.0;G
2017-09-19;06:00:00;340;G;1.0;G
2017-09-19;12:00:00;360;G;5.0;G
2017-09-19;18:00:00;360;G;2.0;G
2017-09-20;06:00:00;360;G;3.0;G
2017-09-20;12:00:00;0;G;0.0;G
2017-09-20;18:00:00;0;G;0.0;G
2017-09-21;06:00:00;90;G;1.0;G
2017-09-21;12:00:00;90;G;1.0;G
2017-09-21;18:00:00;90;G;1.0;G
2017-09-22;06:00:00;50;G;3.0;G
2017-09-22;12:00:00;50;G;3.0;G
2017-09-22;18:00:00;50;G;2.0;G
2017-09-23;06:00:00;50;G;1.0;G
2017-09-23;12:00:00;50;G;4.0;G
2017-09-23;18:00:00;50;G;1.0;G
2017-09-24;06:00:00;50;G;1.0;G
2017-09-24;12:00:00;140;G;4.0;G
2017-09-24;18:00:00;70;G;1.0;G
2017-09-25;06:00:00;50;G;1.0;G
2017-09-25;12:00:00;90;G;3.0;G
2017-09-25;18:00:00;70;G;1.0;G
2017-09-26;06:00:00;50;G;1.0;G
2017-09-26;12:00:00;90;G;1.0;G
2017-09-26;18:00:00;50;G;1.0;G
2017-09-27;06:00:00;50;G;3.0;G
2017-09-27;12:00:00;90;G;1.0;G
2017-09-27;18:00:00;50;G;1.0;G
2017-09-28;06:00:00;90;G;2.0;G
2017-09-28;12:00:00;90;G;1.0;G
2017-09-28;18:00:00;90;G;2.0;G
2017-09-29;06:00:00;140;G;1.0;G
2017-09-29;12:00:00;110;G;3.0;G
2017-09-29;18:00:00;90;G;1.0;G
2017-09-30;06:00:00;90;G;1.0;G
2017-09-30;12:00:00;110;G;2.0;G
2017-09-30;18:00:00;110;G;1.0;G
2017-10-01;06:00:00;0;G;0.0;G
2017-10-01;12:00:00;110;G;5.0;G
2017-10-01;18:00:00;140;G;3.0;G
2017-10-02;06:00:00;140;G;5.0;G
2017-10-02;12:00:00;160;G;7.0;G
2017-10-02;18:00:00;160;G;5.0;G
2017-10-03;06:00:00;180;G;3.0;G
2017-10-03;12:00:00;200;G;3.0;G
2017-10-03;18:00:00;200;G;3.0;G
2017-10-04;06:00:00;250;G;5.0;G
2017-10-04;12:00:00;250;G;5.0;G
2017-10-04;18:00:00;250;G;1.0;G
2017-10-05;06:00:00;290;G;3.0;G
2017-10-05;12:00:00;290;G;3.0;G
2017-10-05;18:00:00;290;G;2.0;G
2017-10-06;06:00:00;320;G;2.0;G
2017-10-06;12:00:00;20;G;4.0;G
2017-10-06;18:00:00;320;G;1.0;G
2017-10-07;06:00:00;270;G;1.0;G
2017-10-07;12:00:00;0;G;0.0;G
2017-10-07;18:00:00;50;G;2.0;G
2017-10-08;06:00:00;340;G;3.0;G
2017-10-08;12:00:00;320;G;3.0;G
2017-10-08;18:00:00;360;G;5.0;G
2017-10-09;06:00:00;360;G;1.0;G
2017-10-09;12:00:00;360;G;2.0;G
2017-10-09;18:00:00;360;G;2.0;G
2017-10-10;06:00:00;320;G;5.0;G
2017-10-10;12:00:00;320;G;6.0;G
2017-10-10;18:00:00;320;G;3.0;G
2017-10-11;06:00:00;290;G;1.0;G
2017-10-11;12:00:00;290;G;2.0;G
2017-10-11;18:00:00;0;G;0.0;G
2017-10-12;06:00:00;180;G;1.0;G
2017-10-12;12:00:00;180;G;5.0;G
2017-10-12;18:00:00;230;G;4.0;G
2017-10-13;06:00:00;320;G;4.0;G
2017-10-13;12:00:00;320;G;4.0;G
2017-10-13;18:00:00;270;G;1.0;G
2017-10-14;06:00:00;230;G;1.0;G
2017-10-14;12:00:00;270;G;6.0;G
2017-10-14;18:00:00;200;G;3.0;G
2017-10-15;06:00:00;290;G;1.0;G
2017-10-15;12:00:00;270;G;4.0;G
2017-10-15;18:00:00;200;G;3.0;G
2017-10-16;06:00:00;230;G;6.0;G
2017-10-16;12:00:00;270;G;7.0;G
2017-10-16;18:00:00;270;G;2.0;G
2017-10-17;06:00:00;160;G;1.0;G
2017-10-17;12:00:00;250;G;4.0;G
2017-10-17;18:00:00;250;G;5.0;G
2017-10-18;06:00:00;340;G;4.0;G
2017-10-18;12:00:00;270;G;4.0;G
2017-10-18;18:00:00;270;Y;1.0;Y
2017-10-19;06:00:00;320;G;2.0;G
2017-10-19;12:00:00;0;G;0.0;G
2017-10-19;18:00:00;0;G;0.0;G
2017-10-20;06:00:00;0;G;0.0;G
2017-10-20;12:00:00;90;G;1.0;G
2017-10-20;18:00:00;50;G;1.0;G
2017-10-21;06:00:00;50;G;1.0;G
2017-10-21;12:00:00;90;G;2.0;G
2017-10-21;18:00:00;90;G;1.0;G
2017-10-22;06:00:00;70;G;1.0;G
2017-10-22;12:00:00;90;Y;3.0;Y
2017-10-22;18:00:00;70;G;4.0;G
2017-10-23;06:00:00;50;G;3.0;G
2017-10-23;12:00:00;110;G;2.0;G
2017-10-23;18:00:00;90;G;1.0;G
2017-10-24;06:00:00;70;G;1.0;G
2017-10-24;12:00:00;110;G;1.0;G
2017-10-24;18:00:00;140;G;3.0;G
2017-10-25;06:00:00;140;G;8.0;G
2017-10-25;12:00:00;140;G;6.0;G
2017-10-25;18:00:00;290;G;4.0;G
2017-10-26;06:00:00;290;G;4.0;G
2017-10-26;12:00:00;250;G;4.0;G
2017-10-26;18:00:00;360;G;1.0;G
2017-10-27;06:00:00;360;G;3.0;G
2017-10-27;12:00:00;320;G;1.0;G
2017-10-27;18:00:00;270;G;3.0;G
2017-10-28;06:00:00;270;G;2.0;G
2017-10-28;12:00:00;270;G;4.0;G
2017-10-28;18:00:00;270;G;4.0;G
2017-10-29;06:00:00;320;G;6.0;G
2017-10-29;12:00:00;320;G;7.0;G
2017-10-29;18:00:00;320;G;8.0;G
2017-10-30;06:00:00;320;G;8.0;G
2017-10-30;12:00:00;320;G;7.0;G
2017-10-30;18:00:00;320;G;5.0;G
2017-10-31;06:00:00;230;G;1.0;G
2017-10-31;12:00:00;250;G;1.0;G
2017-10-31;18:00:00;230;G;1.0;G
2017-11-01;06:00:00;270;G;2.0;G
2017-11-01;12:00:00;290;G;1.0;G
2017-11-01;18:00:00;0;G;0.0;G
2017-11-02;06:00:00;230;G;2.0;G
2017-11-02;12:00:00;320;G;4.0;G
2017-11-02;18:00:00;360;G;7.0;G
2017-11-03;06:00:00;270;G;1.0;G
2017-11-03;12:00:00;230;G;3.0;G
2017-11-03;18:00:00;180;G;5.0;G
2017-11-04;06:00:00;230;G;4.0;G
2017-11-04;12:00:00;230;G;4.0;G
2017-11-04;18:00:00;230;G;1.0;G
2017-11-05;06:00:00;140;G;3.0;G
2017-11-05;12:00:00;230;G;5.0;G
2017-11-05;18:00:00;180;G;1.0;G
2017-11-06;06:00:00;230;G;4.0;G
2017-11-06;12:00:00;320;G;3.0;G
2017-11-06;18:00:00;270;G;1.0;G
2017-11-07;06:00:00;230;G;1.0;G
2017-11-07;12:00:00;250;G;2.0;G
2017-11-07;18:00:00;200;G;1.0;G
2017-11-08;06:00:00;200;G;1.0;G
2017-11-08;12:00:00;230;G;4.0;G
2017-11-08;18:00:00;180;G;1.0;G
2017-11-09;06:00:00;180;G;3.0;G
2017-11-09;12:00:00;200;G;3.0;G
2017-11-09;18:00:00;200;G;6.0;G
2017-11-10;06:00:00;250;G;2.0;G
2017-11-10;12:00:00;250;G;4.0;G
2017-11-10;18:00:00;180;G;1.0;G
2017-11-11;06:00:00;90;G;2.0;G
2017-11-11;12:00:00;90;G;1.0;G
2017-11-11;18:00:00;320;G;3.0;G
2017-11-12;06:00:00;320;G;3.0;G
2017-11-12;12:00:00;290;G;4.0;G
2017-11-12;18:00:00;320;G;3.0;G
2017-11-13;06:00:00;320;G;3.0;G
2017-11-13;12:00:00;320;G;2.0;G
2017-11-13;18:00:00;290;G;3.0;G
2017-11-14;06:00:00;250;G;3.0;G
2017-11-14;12:00:00;230;G;1.0;G
2017-11-14;18:00:00;250;G;2.0;G
2017-11-15;06:00:00;250;G;4.0;G
2017-11-15;12:00:00;250;G;5.0;G
2017-11-15;18:00:00;270;G;5.0;G
2017-11-16;06:00:00;250;G;3.0;G
2017-11-16;12:00:00;230;G;1.0;G
2017-11-16;18:00:00;200;G;1.0;G
2017-11-17;06:00:00;250;G;6.0;G
2017-11-17;12:00:00;250;G;5.0;G
2017-11-17;18:00:00;250;G;7.0;G
2017-11-18;06:00:00;230;Y;4.0;Y
2017-11-18;12:00:00;200;Y;2.0;Y
2017-11-18;18:00:00;200;Y;2.0;Y
2017-11-19;06:00:00;360;G;2.0;G
2017-11-19;12:00:00;360;G;5.0;G
2017-11-19;18:00:00;320;G;3.0;G
2017-11-20;06:00:00;360;G;5.0;G
2017-11-20;12:00:00;320;G;4.0;G
2017-11-20;18:00:00;320;G;2.0;G
2017-11-21;06:00:00;340;G;3.0;G
2017-11-21;12:00:00;320;G;2.0;G
2017-11-21;18:00:00;320;G;2.0;G
2017-11-22;06:00:00;0;G;0.0;G
2017-11-22;12:00:00;50;G;1.0;G
2017-11-22;18:00:00;110;G;3.0;G
2017-11-23;06:00:00;180;G;4.0;G
2017-11-23;12:00:00;180;G;3.0;G
2017-11-23;18:00:00;160;G;4.0;G
2017-11-24;06:00:00;200;G;3.0;G
2017-11-24;12:00:00;230;G;2.0;G
2017-11-24;18:00:00;230;G;1.0;G
2017-11-25;06:00:00;230;G;2.0;G
2017-11-25;12:00:00;180;G;2.0;G
2017-11-25;18:00:00;180;G;2.0;G
2017-11-26;06:00:00;230;G;2.0;G
2017-11-26;12:00:00;180;G;2.0;G
2017-11-26;18:00:00;140;G;3.0;G
2017-11-27;06:00:00;180;G;2.0;G
2017-11-27;12:00:00;230;G;2.0;G
2017-11-27;18:00:00;200;G;1.0;G
2017-11-28;06:00:00;110;G;3.0;G
2017-11-28;12:00:00;110;G;2.0;G
2017-11-28;18:00:00;160;G;2.0;G
2017-11-29;06:00:00;110;G;2.0;G
2017-11-29;12:00:00;180;G;3.0;G
2017-11-29;18:00:00;180;G;1.0;G
2017-11-30;06:00:00;0;G;0.0;G
2017-11-30;12:00:00;160;G;1.0;G
2017-11-30;18:00:00;70;G;1.0;G
2017-12-01;06:00:00;360;G;5.0;G
2017-12-01;12:00:00;340;G;6.0;G
2017-12-01;18:00:00;320;G;5.0;G
2017-12-02;06:00:00;270;G;6.0;G
2017-12-02;12:00:00;250;G;3.0;G
2017-12-02;18:00:00;200;G;2.0;G
2017-12-03;06:00:00;230;G;4.0;G
2017-12-03;12:00:00;250;G;3.0;G
2017-12-03;18:00:00;250;G;3.0;G
2017-12-04;06:00:00;320;G;3.0;G
2017-12-04;12:00:00;320;G;3.0;G
2017-12-04;18:00:00;270;G;3.0;G
2017-12-05;06:00:00;250;G;1.0;G
2017-12-05;12:00:00;250;G;4.0;G
2017-12-05;18:00:00;320;G;3.0;G
2017-12-06;06:00:00;270;G;2.0;G
2017-12-06;12:00:00;270;G;1.0;G
2017-12-06;18:00:00;0;G;0.0;G
2017-12-07;06:00:00;140;G;3.0;G
2017-12-07;12:00:00;200;G;4.0;G
2017-12-07;18:00:00;200;G;5.0;G
2017-12-08;06:00:00;230;G;7.0;G
2017-12-08;12:00:00;230;G;4.0;G
2017-12-08;18:00:00;230;G;4.0;G
2017-12-09;06:00:00;230;G;5.0;G
2017-12-09;12:00:00;230;G;1.0;G
2017-12-09;18:00:00;230;G;3.0;G
2017-12-10;06:00:00;180;G;1.0;G
2017-12-10;12:00:00;180;G;2.0;G
2017-12-10;18:00:00;180;G;2.0;G
2017-12-11;06:00:00;140;G;1.0;G
2017-12-11;12:00:00;90;G;1.0;G
2017-12-11;18:00:00;90;G;1.0;G
2017-12-12;06:00:00;20;G;1.0;G
2017-12-12;12:00:00;360;G;4.0;G
2017-12-12;18:00:00;320;G;1.0;G
2017-12-13;06:00:00;0;G;0.0;G
2017-12-13;12:00:00;230;G;2.0;G
2017-12-13;18:00:00;180;G;2.0;G
2017-12-14;06:00:00;140;G;3.0;G
2017-12-14;12:00:00;140;G;3.0;G
2017-12-14;18:00:00;90;G;2.0;G
2017-12-15;06:00:00;110;G;1.0;G
2017-12-15;12:00:00;50;G;1.0;G
2017-12-15;18:00:00;270;G;2.0;G
2017-12-16;06:00:00;250;G;1.0;G
2017-12-16;12:00:00;270;G;2.0;G
2017-12-16;18:00:00;360;G;4.0;G
2017-12-17;06:00:00;320;G;3.0;G
2017-12-17;12:00:00;250;G;1.0;G
2017-12-17;18:00:00;250;G;4.0;G
2017-12-18;06:00:00;230;G;1.0;G
2017-12-18;12:00:00;250;G;1.0;G
2017-12-18;18:00:00;250;G;3.0;G
2017-12-19;06:00:00;0;G;0.0;G
2017-12-19;12:00:00;270;G;1.0;G
2017-12-19;18:00:00;250;G;2.0;G
2017-12-20;06:00:00;230;Y;1.0;Y
2017-12-20;12:00:00;200;G;3.0;G
2017-12-20;18:00:00;230;G;3.0;G
2017-12-21;06:00:00;290;G;1.0;G
2017-12-21;12:00:00;270;G;3.0;G
2017-12-21;18:00:00;290;G;1.0;G
2017-12-22;06:00:00;270;G;2.0;G
2017-12-22;12:00:00;290;G;3.0;G
2017-12-22;18:00:00;290;G;4.0;G
2017-12-23;06:00:00;200;G;2.0;G
2017-12-23;12:00:00;270;G;3.0;G
2017-12-23;18:00:00;270;G;3.0;G
2017-12-24;06:00:00;270;G;4.0;G
2017-12-24;12:00:00;270;G;3.0;G
2017-12-24;18:00:00;250;G;1.0;G
2017-12-25;06:00:00;230;G;1.0;G
2017-12-25;12:00:00;180;G;2.0;G
2017-12-25;18:00:00;230;Y;5.0;Y
2017-12-26;06:00:00;90;Y;2.0;Y
2017-12-26;12:00:00;180;Y;3.0;Y
2017-12-26;18:00:00;180;G;5.0;G
2017-12-27;06:00:00;200;G;2.0;G
2017-12-27;12:00:00;200;G;4.0;G
2017-12-27;18:00:00;160;G;3.0;G
2017-12-28;06:00:00;110;G;4.0;G
2017-12-28;12:00:00;110;G;4.0;G
2017-12-28;18:00:00;110;G;2.0;G
2017-12-29;06:00:00;230;G;2.0;G
2017-12-29;12:00:00;180;G;2.0;G
2017-12-29;18:00:00;180;G;1.0;G
2017-12-30;06:00:00;200;G;2.0;G
2017-12-30;12:00:00;200;G;1.0;G
2017-12-30;18:00:00;160;G;3.0;G
2017-12-31;06:00:00;140;G;1.0;G
2017-12-31;12:00:00;230;G;2.0;G
2017-12-31;18:00:00;140;G;1.0;G
2018-01-01;06:00:00;180;G;1.0;G
2018-01-01;12:00:00;160;G;2.0;G
2018-01-01;18:00:00;180;G;2.0;G
2018-01-02;06:00:00;200;G;3.0;G
2018-01-02;12:00:00;230;G;3.0;G
2018-01-02;18:00:00;250;Y;1.0;Y
2018-01-03;06:00:00;180;G;1.0;G
2018-01-03;12:00:00;110;G;2.0;G
2018-01-03;18:00:00;70;G;3.0;G
2018-01-04;06:00:00;90;G;4.0;G
2018-01-04;12:00:00;70;G;2.0;G
2018-01-04;18:00:00;50;G;4.0;G
2018-01-05;06:00:00;0;G;0.0;G
2018-01-05;12:00:00;360;G;4.0;G
2018-01-05;18:00:00;340;G;3.0;G
2018-01-06;06:00:00;290;G;3.0;G
2018-01-06;12:00:00;290;G;4.0;G
2018-01-06;18:00:00;320;G;5.0;G
2018-01-07;06:00:00;290;G;5.0;G
2018-01-07;12:00:00;250;G;5.0;G
2018-01-07;18:00:00;290;G;8.0;G
2018-01-08;06:00:00;290;G;3.0;G
2018-01-08;12:00:00;250;G;4.0;G
2018-01-08;18:00:00;270;G;3.0;G
2018-01-09;06:00:00;270;G;5.0;G
2018-01-09;12:00:00;290;G;3.0;G
2018-01-09;18:00:00;270;G;2.0;G
2018-01-10;06:00:00;0;G;0.0;G
2018-01-10;12:00:00;70;G;1.0;G
2018-01-10;18:00:00;110;G;1.0;G
2018-01-11;06:00:00;90;G;1.0;G
2018-01-11;12:00:00;90;G;4.0;G
2018-01-11;18:00:00;90;G;1.0;G
2018-01-12;06:00:00;90;G;1.0;G
2018-01-12;12:00:00;90;G;1.0;G
2018-01-12;18:00:00;90;G;1.0;G
2018-01-13;06:00:00;160;G;2.0;G
2018-01-13;12:00:00;180;G;1.0;G
2018-01-13;18:00:00;160;G;1.0;G
2018-01-14;06:00:00;140;G;1.0;G
2018-01-14;12:00:00;140;G;3.0;G
2018-01-14;18:00:00;180;G;1.0;G
2018-01-15;06:00:00;160;G;5.0;G
2018-01-15;12:00:00;180;G;6.0;G
2018-01-15;18:00:00;160;G;7.0;G
2018-01-16;06:00:00;140;G;8.0;G
2018-01-16;12:00:00;110;G;9.0;G
2018-01-16;18:00:00;140;G;6.0;G
2018-01-17;06:00:00;140;G;5.0;G
2018-01-17;12:00:00;90;Y;3.0;Y
2018-01-17;18:00:00;70;G;2.0;G
2018-01-18;06:00:00;70;G;1.0;G
2018-01-18;12:00:00;70;G;3.0;G
2018-01-18;18:00:00;70;G;3.0;G
2018-01-19;06:00:00;20;G;2.0;G
2018-01-19;12:00:00;0;G;0.0;G
2018-01-19;18:00:00;50;G;1.0;G
2018-01-20;06:00:00;90;G;1.0;G
2018-01-20;12:00:00;140;G;2.0;G
2018-01-20;18:00:00;90;G;1.0;G
2018-01-21;06:00:00;0;G;0.0;G
2018-01-21;12:00:00;0;G;0.0;G
2018-01-21;18:00:00;180;G;2.0;G
2018-01-22;06:00:00;250;G;1.0;G
2018-01-22;12:00:00;250;Y;1.0;Y
2018-01-22;18:00:00;250;G;1.0;G
2018-01-23;06:00:00;230;G;1.0;G
2018-01-23;12:00:00;200;Y;2.0;Y
2018-01-23;18:00:00;200;G;2.0;G
2018-01-24;06:00:00;180;G;4.0;G
2018-01-24;12:00:00;230;G;4.0;G
2018-01-24;18:00:00;180;G;5.0;G
2018-01-25;06:00:00;230;G;7.0;G
2018-01-25;12:00:00;250;G;15.0;G
2018-01-25;18:00:00;250;G;8.0;G
2018-01-26;06:00:00;200;G;2.0;G
2018-01-26;12:00:00;230;G;3.0;G
2018-01-26;18:00:00;230;G;2.0;G
2018-01-27;06:00:00;250;G;2.0;G
2018-01-27;12:00:00;250;G;3.0;G
2018-01-27;18:00:00;250;G;3.0;G
2018-01-28;06:00:00;140;G;2.0;G
2018-01-28;12:00:00;180;G;1.0;G
2018-01-28;18:00:00;50;G;1.0;G
2018-01-29;06:00:00;0;G;0.0;G
2018-01-29;12:00:00;0;G;0.0;G
2018-01-29;18:00:00;50;G;2.0;G
2018-01-30;06:00:00;360;G;3.0;G
2018-01-30;12:00:00;340;G;2.0;G
2018-01-30;18:00:00;270;G;2.0;G
2018-01-31;06:00:00;140;G;1.0;G
2018-01-31;12:00:00;160;G;3.0;G
2018-01-31;18:00:00;140;G;4.0;G
2018-02-01;06:00:00;250;G;2.0;G
2018-02-01;12:00:00;230;G;3.0;G
2018-02-01;18:00:00;200;G;2.0;G
2018-02-02;06:00:00;320;G;1.0;G
2018-02-02;12:00:00;320;G;1.0;G
2018-02-02;18:00:00;50;G;6.0;G
2018-02-03;06:00:00;50;G;2.0;G
2018-02-03;12:00:00;360;G;5.0;G
2018-02-03;18:00:00;360;G;4.0;G
2018-02-04;06:00:00;50;G;6.0;G
2018-02-04;12:00:00;50;G;5.0;G
2018-02-04;18:00:00;360;G;5.0;G
2018-02-05;06:00:00;340;G;3.0;G
2018-02-05;12:00:00;340;G;2.0;G
2018-02-05;18:00:00;320;G;2.0;G
2018-02-06;06:00:00;320;G;3.0;G
2018-02-06;12:00:00;340;G;1.0;G
2018-02-06;18:00:00;320;G;5.0;G
2018-02-07;06:00:00;270;G;2.0;G
2018-02-07;12:00:00;230;G;2.0;G
2018-02-07;18:00:00;200;G;2.0;G
2018-02-08;06:00:00;230;G;1.0;G
2018-02-08;12:00:00;230;G;1.0;G
2018-02-08;18:00:00;0;G;0.0;G
2018-02-09;06:00:00;230;G;1.0;G
2018-02-09;12:00:00;180;G;1.0;G
2018-02-09;18:00:00;180;G;1.0;G
2018-02-10;06:00:00;0;G;0.0;G
2018-02-10;12:00:00;140;G;2.0;G
2018-02-10;18:00:00;140;G;3.0;G
2018-02-11;06:00:00;110;G;4.0;G
2018-02-11;12:00:00;110;G;2.0;G
2018-02-11;18:00:00;90;G;2.0;G
2018-02-12;06:00:00;110;G;5.0;G
2018-02-12;12:00:00;160;G;5.0;G
2018-02-12;18:00:00;200;G;4.0;G
2018-02-13;06:00:00;180;G;2.0;G
2018-02-13;12:00:00;200;G;1.0;G
2018-02-13;18:00:00;230;Y;1.0;Y
2018-02-14;06:00:00;0;G;0.0;G
2018-02-14;12:00:00;200;G;3.0;G
2018-02-14;18:00:00;180;G;1.0;G
2018-02-15;06:00:00;160;G;1.0;G
2018-02-15;12:00:00;180;G;2.0;G
2018-02-15;18:00:00;140;G;3.0;G
2018-02-16;06:00:00;110;G;3.0;G
2018-02-16;12:00:00;140;G;4.0;G
2018-02-16;18:00:00;70;G;1.0;G
2018-02-17;06:00:00;0;G;0.0;G
2018-02-17;12:00:00;0;G;0.0;G
2018-02-17;18:00:00;270;G;1.0;G
2018-02-18;06:00:00;290;G;2.0;G
2018-02-18;12:00:00;290;G;1.0;G
2018-02-18;18:00:00;0;G;0.0;G
2018-02-19;06:00:00;70;G;2.0;G
2018-02-19;12:00:00;50;G;1.0;G
2018-02-19;18:00:00;50;G;1.0;G
2018-02-20;06:00:00;360;G;1.0;G
2018-02-20;12:00:00;20;G;2.0;G
2018-02-20;18:00:00;0;G;0.0;G
2018-02-21;06:00:00;20;G;1.0;G
2018-02-21;12:00:00;360;G;2.0;G
2018-02-21;18:00:00;0;G;0.0;G
2018-02-22;06:00:00;0;G;0.0;G
2018-02-22;12:00:00;50;G;1.0;G
2018-02-22;18:00:00;0;G;0.0;G
2018-02-23;06:00:00;320;G;1.0;G
2018-02-23;12:00:00;360;G;4.0;G
2018-02-23;18:00:00;0;G;0.0;G
2018-02-24;06:00:00;20;G;4.0;G
2018-02-24;12:00:00;360;G;4.0;G
2018-02-24;18:00:00;360;G;3.0;G
2018-02-25;06:00:00;360;G;4.0;G
2018-02-25;12:00:00;360;G;3.0;G
2018-02-25;18:00:00;340;G;6.0;G
2018-02-26;06:00:00;360;G;4.0;G
2018-02-26;12:00:00;360;G;3.0;G
2018-02-26;18:00:00;20;G;4.0;G
2018-02-27;06:00:00;20;G;5.0;G
2018-02-27;12:00:00;20;G;7.0;G
2018-02-27;18:00:00;20;G;6.0;G
2018-02-28;06:00:00;50;G;5.0;G
2018-02-28;12:00:00;50;G;6.0;G
2018-02-28;18:00:00;20;G;3.0;G
2018-03-01;06:00:00;360;G;5.0;G
2018-03-01;12:00:00;340;G;4.0;G
2018-03-01;18:00:00;0;G;0.0;G
2018-03-02;06:00:00;340;G;3.0;G
2018-03-02;12:00:00;50;G;5.0;G
2018-03-02;18:00:00;50;G;3.0;G
2018-03-03;06:00:00;360;G;3.0;G
2018-03-03;12:00:00;360;G;3.0;G
2018-03-03;18:00:00;340;G;2.0;G
2018-03-04;06:00:00;360;G;1.0;G
2018-03-04;12:00:00;20;G;1.0;G
2018-03-04;18:00:00;20;G;1.0;G
2018-03-05;06:00:00;50;G;1.0;G
2018-03-05;12:00:00;50;G;1.0;G
2018-03-05;18:00:00;0;G;0.0;G
2018-03-06;06:00:00;50;G;1.0;G
2018-03-06;12:00:00;90;G;3.0;G
2018-03-06;18:00:00;70;G;4.0;G
2018-03-07;06:00:00;70;G;1.0;G
2018-03-07;12:00:00;70;G;3.0;G
2018-03-07;18:00:00;70;G;3.0;G
2018-03-08;06:00:00;50;G;4.0;G
2018-03-08;12:00:00;70;G;4.0;G
2018-03-08;18:00:00;90;G;1.0;G
2018-03-09;06:00:00;180;G;2.0;G
2018-03-09;12:00:00;180;G;1.0;G
2018-03-09;18:00:00;0;G;0.0;G
2018-03-10;06:00:00;290;G;2.0;G
2018-03-10;12:00:00;320;G;1.0;G
2018-03-10;18:00:00;320;G;2.0;G
2018-03-11;06:00:00;320;G;2.0;G
2018-03-11;12:00:00;250;G;1.0;G
2018-03-11;18:00:00;70;G;2.0;G
2018-03-12;06:00:00;90;G;4.0;G
2018-03-12;12:00:00;70;G;2.0;G
2018-03-12;18:00:00;0;G;0.0;G
2018-03-13;06:00:00;360;G;4.0;G
2018-03-13;12:00:00;360;G;6.0;G
2018-03-13;18:00:00;360;G;7.0;G
2018-03-14;06:00:00;360;G;3.0;G
2018-03-14;12:00:00;360;G;3.0;G
2018-03-14;18:00:00;360;G;3.0;G
2018-03-15;06:00:00;360;G;3.0;G
2018-03-15;12:00:00;360;G;3.0;G
2018-03-15;18:00:00;360;G;4.0;G
2018-03-16;06:00:00;360;G;2.0;G
2018-03-16;12:00:00;20;G;4.0;G
2018-03-16;18:00:00;360;G;2.0;G
2018-03-17;06:00:00;340;G;3.0;G
2018-03-17;12:00:00;340;G;3.0;G
2018-03-17;18:00:00;290;G;2.0;G
2018-03-18;06:00:00;270;G;3.0;G
2018-03-18;12:00:00;270;G;6.0;G
2018-03-18;18:00:00;270;G;5.0;G
2018-03-19;06:00:00;270;G;3.0;G
2018-03-19;12:00:00;290;G;3.0;G
2018-03-19;18:00:00;250;G;2.0;G
2018-03-20;06:00:00;360;G;4.0;G
2018-03-20;12:00:00;360;G;6.0;G
2018-03-20;18:00:00;360;G;3.0;G
2018-03-21;06:00:00;230;G;1.0;G
2018-03-21;12:00:00;270;G;3.0;G
2018-03-21;18:00:00;250;Y;2.0;Y
2018-03-22;06:00:00;230;G;4.0;G
2018-03-22;12:00:00;270;G;3.0;G
2018-03-22;18:00:00;270;G;1.0;G
2018-03-23;06:00:00;50;G;1.0;G
2018-03-23;12:00:00;140;G;1.0;G
2018-03-23;18:00:00;140;G;2.0;G
2018-03-24;06:00:00;110;G;3.0;G
2018-03-24;12:00:00;140;G;8.0;G
2018-03-24;18:00:00;230;G;1.0;G
2018-03-25;06:00:00;270;G;1.0;G
2018-03-25;12:00:00;270;G;5.0;G
2018-03-25;18:00:00;270;G;1.0;G
2018-03-26;06:00:00;360;G;3.0;G
2018-03-26;12:00:00;20;G;3.0;G
2018-03-26;18:00:00;20;G;2.0;G
2018-03-27;06:00:00;290;G;1.0;G
2018-03-27;12:00:00;290;G;2.0;G
2018-03-27;18:00:00;360;G;2.0;G
2018-03-28;06:00:00;0;G;0.0;G
2018-03-28;12:00:00;270;G;1.0;G
2018-03-28;18:00:00;180;G;3.0;G
2018-03-29;06:00:00;0;G;0.0;G
2018-03-29;12:00:00;90;Y;2.0;Y
2018-03-29;18:00:00;90;G;3.0;G
2018-03-30;06:00:00;50;G;4.0;G
2018-03-30;12:00:00;70;G;5.0;G
2018-03-30;18:00:00;70;G;3.0;G
2018-03-31;06:00:00;50;G;1.0;G
2018-03-31;12:00:00;90;G;1.0;G
2018-03-31;18:00:00;110;G;2.0;G
2018-04-01;06:00:00;50;Y;2.0;Y
2018-04-01;12:00:00;50;G;4.0;G
2018-04-01;18:00:00;20;G;3.0;G
2018-04-02;06:00:00;340;G;5.0;G
2018-04-02;12:00:00;320;G;6.0;G
2018-04-02;18:00:00;340;G;3.0;G
2018-04-03;06:00:00;250;G;2.0;G
2018-04-03;12:00:00;230;G;1.0;G
2018-04-03;18:00:00;140;G;2.0;G
2018-04-04;06:00:00;140;G;5.0;G
2018-04-04;12:00:00;160;G;3.0;G
2018-04-04;18:00:00;250;G;3.0;G
2018-04-05;06:00:00;110;G;2.0;G
2018-04-05;12:00:00;140;G;2.0;G
2018-04-05;18:00:00;250;G;2.0;G
2018-04-06;06:00:00;290;G;5.0;G
2018-04-06;12:00:00;290;G;6.0;G
2018-04-06;18:00:00;290;G;5.0;G
2018-04-07;06:00:00;200;G;1.0;G
2018-04-07;12:00:00;180;G;4.0;G
2018-04-07;18:00:00;180;G;3.0;G
2018-04-08;06:00:00;0;G;0.0;G
2018-04-08;12:00:00;160;G;1.0;G
2018-04-08;18:00:00;110;G;1.0;G
2018-04-09;06:00:00;200;G;1.0;G
2018-04-09;12:00:00;70;G;3.0;G
2018-04-09;18:00:00;20;G;4.0;G
2018-04-10;06:00:00;50;G;3.0;G
2018-04-10;12:00:00;50;Y;6.0;Y
2018-04-10;18:00:00;50;Y;4.0;Y
2018-04-11;06:00:00;20;G;1.0;G
2018-04-11;12:00:00;90;G;2.0;G
2018-04-11;18:00:00;70;G;1.0;G
2018-04-12;06:00:00;50;G;1.0;G
2018-04-12;12:00:00;50;Y;3.0;Y
2018-04-12;18:00:00;50;Y;2.0;Y
2018-04-13;06:00:00;70;G;3.0;G
2018-04-13;12:00:00;50;G;3.0;G
2018-04-13;18:00:00;70;G;4.0;G
2018-04-14;06:00:00;70;G;1.0;G
2018-04-14;12:00:00;90;G;3.0;G
2018-04-14;18:00:00;110;G;1.0;G
2018-04-15;06:00:00;0;Y;0.0;Y
2018-04-15;12:00:00;0;G;0.0;G
2018-04-15;18:00:00;180;G;2.0;G
2018-04-16;06:00:00;180;G;1.0;G
2018-04-16;12:00:00;270;G;2.0;G
2018-04-16;18:00:00;0;Y;0.0;Y
2018-04-17;06:00:00;290;G;1.0;G
2018-04-17;12:00:00;270;G;3.0;G
2018-04-17;18:00:00;270;G;3.0;G
2018-04-18;06:00:00;270;G;3.0;G
2018-04-18;12:00:00;270;G;4.0;G
2018-04-18;18:00:00;290;G;1.0;G
2018-04-19;06:00:00;290;G;2.0;G
2018-04-19;12:00:00;270;G;3.0;G
2018-04-19;18:00:00;0;G;0.0;G
2018-04-20;06:00:00;270;G;3.0;G
2018-04-20;12:00:00;270;G;5.0;G
2018-04-20;18:00:00;270;G;1.0;G
2018-04-21;06:00:00;270;G;3.0;G
2018-04-21;12:00:00;270;G;7.0;G
2018-04-21;18:00:00;320;G;1.0;G
2018-04-22;06:00:00;270;G;5.0;G
2018-04-22;12:00:00;320;G;1.0;G
2018-04-22;18:00:00;140;G;1.0;G
2018-04-23;06:00:00;180;G;3.0;G
2018-04-23;12:00:00;110;G;3.0;G
2018-04-23;18:00:00;180;G;2.0;G
2018-04-24;06:00:00;250;G;4.0;G
2018-04-24;12:00:00;250;G;3.0;G
2018-04-24;18:00:00;200;G;2.0;G
2018-04-25;06:00:00;250;G;3.0;G
2018-04-25;12:00:00;270;G;4.0;G
2018-04-25;18:00:00;290;G;2.0;G
2018-04-26;06:00:00;270;G;3.0;G
2018-04-26;12:00:00;270;G;4.0;G
2018-04-26;18:00:00;250;G;2.0;G
2018-04-27;06:00:00;250;G;4.0;G
2018-04-27;12:00:00;270;G;4.0;G
2018-04-27;18:00:00;250;G;6.0;G
2018-04-28;06:00:00;250;G;2.0;G
2018-04-28;12:00:00;250;G;2.0;G
2018-04-28;18:00:00;230;G;1.0;G
2018-04-29;06:00:00;0;G;0.0;G
2018-04-29;12:00:00;50;G;1.0;G
2018-04-29;18:00:00;70;G;1.0;G
2018-04-30;06:00:00;50;G;2.0;G
2018-04-30;12:00:00;70;G;4.0;G
2018-04-30;18:00:00;70;G;4.0;G
2018-05-01;06:00:00;70;G;5.0;G
2018-05-01;12:00:00;270;G;2.0;G
2018-05-01;18:00:00;180;G;2.0;G
2018-05-02;06:00:00;250;G;3.0;G
2018-05-02;12:00:00;270;G;4.0;G
2018-05-02;18:00:00;250;G;3.0;G
2018-05-03;06:00:00;110;G;2.0;G
2018-05-03;12:00:00;140;G;2.0;G
2018-05-03;18:00:00;230;G;3.0;G
2018-05-04;06:00:00;270;G;3.0;G
2018-05-04;12:00:00;320;G;4.0;G
2018-05-04;18:00:00;270;G;3.0;G
2018-05-05;06:00:00;250;G;2.0;G
2018-05-05;12:00:00;270;G;2.0;G
2018-05-05;18:00:00;270;G;1.0;G
2018-05-06;06:00:00;250;G;4.0;G
2018-05-06;12:00:00;270;G;4.0;G
2018-05-06;18:00:00;270;G;4.0;G
2018-05-07;06:00:00;250;G;3.0;G
2018-05-07;12:00:00;250;G;6.0;G
2018-05-07;18:00:00;290;G;5.0;G
2018-05-08;06:00:00;0;G;0.0;G
2018-05-08;12:00:00;230;G;2.0;G
2018-05-08;18:00:00;160;G;3.0;G
2018-05-09;06:00:00;140;G;3.0;G
2018-05-09;12:00:00;110;G;4.0;G
2018-05-09;18:00:00;110;G;2.0;G
2018-05-10;06:00:00;90;G;2.0;G
2018-05-10;12:00:00;90;G;3.0;G
2018-05-10;18:00:00;90;G;1.0;G
2018-05-11;06:00:00;90;G;4.0;G
2018-05-11;12:00:00;90;Y;3.0;Y
2018-05-11;18:00:00;90;G;1.0;G
2018-05-12;06:00:00;160;G;1.0;G
2018-05-12;12:00:00;140;G;3.0;G
2018-05-12;18:00:00;140;Y;1.0;Y
2018-05-13;06:00:00;110;G;1.0;G
2018-05-13;12:00:00;110;G;2.0;G
2018-05-13;18:00:00;90;G;2.0;G
2018-05-14;06:00:00;0;G;0.0;G
2018-05-14;12:00:00;90;G;2.0;G
2018-05-14;18:00:00;70;G;1.0;G
2018-05-15;06:00:00;0;G;0.0;G
2018-05-15;12:00:00;340;G;2.0;G
2018-05-15;18:00:00;70;G;2.0;G
2018-05-16;06:00:00;0;G;0.0;G
2018-05-16;12:00:00;320;G;1.0;G
2018-05-16;18:00:00;110;G;1.0;G
2018-05-17;06:00:00;360;G;7.0;G
2018-05-17;12:00:00;360;G;6.0;G
2018-05-17;18:00:00;360;G;6.0;G
2018-05-18;06:00:00;20;Y;5.0;Y
2018-05-18;12:00:00;20;Y;6.0;Y
2018-05-18;18:00:00;20;Y;4.0;Y
2018-05-19;06:00:00;0;G;0.0;G
2018-05-19;12:00:00;230;G;2.0;G
2018-05-19;18:00:00;200;G;3.0;G
2018-05-20;06:00:00;270;G;2.0;G
2018-05-20;12:00:00;250;G;4.0;G
2018-05-20;18:00:00;200;G;4.0;G
2018-05-21;06:00:00;270;G;3.0;G
2018-05-21;12:00:00;250;G;4.0;G
2018-05-21;18:00:00;160;G;2.0;G
2018-05-22;06:00:00;230;G;1.0;G
2018-05-22;12:00:00;140;G;2.0;G
2018-05-22;18:00:00;140;G;4.0;G
2018-05-23;06:00:00;360;Y;4.0;Y
2018-05-23;12:00:00;360;G;5.0;G
2018-05-23;18:00:00;70;G;2.0;G
2018-05-24;06:00:00;360;G;1.0;G
2018-05-24;12:00:00;90;G;2.0;G
2018-05-24;18:00:00;140;G;2.0;G
2018-05-25;06:00:00;250;G;1.0;G
2018-05-25;12:00:00;250;G;5.0;G
2018-05-25;18:00:00;250;G;2.0;G
2018-05-26;06:00:00;320;G;1.0;G
2018-05-26;12:00:00;360;G;1.0;G
2018-05-26;18:00:00;90;G;1.0;G
2018-05-27;06:00:00;360;G;3.0;G
2018-05-27;12:00:00;360;G;5.0;G
2018-05-27;18:00:00;50;G;4.0;G
2018-05-28;06:00:00;0;G;0.0;G
2018-05-28;12:00:00;110;G;2.0;G
2018-05-28;18:00:00;110;G;1.0;G
2018-05-29;06:00:00;0;G;0.0;G
2018-05-29;12:00:00;270;G;1.0;G
2018-05-29;18:00:00;200;G;2.0;G
2018-05-30;06:00:00;20;G;2.0;G
2018-05-30;12:00:00;50;G;2.0;G
2018-05-30;18:00:00;20;G;2.0;G
2018-05-31;06:00:00;50;G;2.0;G
2018-05-31;12:00:00;70;G;2.0;G
2018-05-31;18:00:00;110;G;2.0;G
2018-06-01;06:00:00;0;G;0.0;G
2018-06-01;12:00:00;270;G;2.0;G
2018-06-01;18:00:00;230;G;1.0;G
2018-06-02;06:00:00;320;G;1.0;G
2018-06-02;12:00:00;290;G;1.0;G
2018-06-02;18:00:00;110;G;2.0;G
2018-06-03;06:00:00;50;G;1.0;G
2018-06-03;12:00:00;140;G;2.0;G
2018-06-03;18:00:00;200;G;1.0;G
2018-06-04;06:00:00;20;G;4.0;G
2018-06-04;12:00:00;360;G;4.0;G
2018-06-04;18:00:00;180;G;1.0;G
2018-06-05;06:00:00;360;G;6.0;G
2018-06-05;12:00:00;360;G;5.0;G
2018-06-05;18:00:00;50;G;4.0;G
2018-06-06;06:00:00;340;G;1.0;G
2018-06-06;12:00:00;290;G;4.0;G
2018-06-06;18:00:00;90;G;2.0;G
2018-06-07;06:00:00;200;G;3.0;G
2018-06-07;12:00:00;270;G;7.0;G
2018-06-07;18:00:00;270;G;1.0;G
2018-06-08;06:00:00;50;G;1.0;G
2018-06-08;12:00:00;180;G;2.0;G
2018-06-08;18:00:00;140;G;3.0;G
2018-06-09;06:00:00;160;G;1.0;G
2018-06-09;12:00:00;230;G;3.0;G
2018-06-09;18:00:00;180;G;2.0;G
2018-06-10;06:00:00;0;G;0.0;G
2018-06-10;12:00:00;180;G;3.0;G
2018-06-10;18:00:00;180;G;4.0;G
2018-06-11;06:00:00;270;G;2.0;G
2018-06-11;12:00:00;270;G;4.0;G
2018-06-11;18:00:00;270;G;1.0;G
2018-06-12;06:00:00;360;G;3.0;G
2018-06-12;12:00:00;320;G;2.0;G
2018-06-12;18:00:00;20;G;2.0;G
2018-06-13;06:00:00;70;G;1.0;G
2018-06-13;12:00:00;110;G;2.0;G
2018-06-13;18:00:00;110;G;1.0;G
2018-06-14;06:00:00;140;G;6.0;G
2018-06-14;12:00:00;180;G;5.0;G
2018-06-14;18:00:00;180;G;4.0;G
2018-06-15;06:00:00;250;G;6.0;G
2018-06-15;12:00:00;250;G;5.0;G
2018-06-15;18:00:00;250;G;5.0;G
2018-06-16;06:00:00;270;G;4.0;G
2018-06-16;12:00:00;270;G;5.0;G
2018-06-16;18:00:00;180;G;4.0;G
2018-06-17;06:00:00;140;G;1.0;G
2018-06-17;12:00:00;140;G;3.0;G
2018-06-17;18:00:00;140;G;1.0;G
2018-06-18;06:00:00;230;G;1.0;G
2018-06-18;12:00:00;230;G;4.0;G
2018-06-18;18:00:00;230;G;3.0;G
2018-06-19;06:00:00;230;G;4.0;G
2018-06-19;12:00:00;230;G;8.0;G
2018-06-19;18:00:00;270;G;5.0;G
2018-06-20;06:00:00;270;G;6.0;G
2018-06-20;12:00:00;270;G;6.0;G
2018-06-20;18:00:00;230;G;2.0;G
2018-06-21;06:00:00;50;G;1.0;G
2018-06-21;12:00:00;230;G;2.0;G
2018-06-21;18:00:00;250;G;2.0;G
2018-06-22;06:00:00;320;G;8.0;G
2018-06-22;12:00:00;270;G;2.0;G
2018-06-22;18:00:00;270;G;2.0;G
2018-06-23;06:00:00;320;G;2.0;G
2018-06-23;12:00:00;290;Y;4.0;Y
2018-06-23;18:00:00;180;Y;1.0;Y
2018-06-24;06:00:00;20;Y;4.0;Y
2018-06-24;12:00:00;340;Y;4.0;Y
2018-06-24;18:00:00;320;G;2.0;G
2018-06-25;06:00:00;340;G;4.0;G
2018-06-25;12:00:00;360;G;4.0;G
2018-06-25;18:00:00;360;G;2.0;G
2018-06-26;06:00:00;360;G;2.0;G
2018-06-26;12:00:00;20;G;1.0;G
2018-06-26;18:00:00;180;Y;3.0;Y
2018-06-27;06:00:00;230;G;3.0;G
2018-06-27;12:00:00;200;G;2.0;G
2018-06-27;18:00:00;50;G;1.0;G
2018-06-28;06:00:00;230;G;1.0;G
2018-06-28;12:00:00;230;G;4.0;G
2018-06-28;18:00:00;200;G;3.0;G
2018-06-29;06:00:00;320;G;6.0;G
2018-06-29;12:00:00;360;G;8.0;G
2018-06-29;18:00:00;360;G;5.0;G
2018-06-30;06:00:00;270;G;4.0;G
2018-06-30;12:00:00;360;G;7.0;G
2018-06-30;18:00:00;20;G;4.0;G
2018-07-01;06:00:00;360;G;3.0;G
2018-07-01;12:00:00;360;G;5.0;G
2018-07-01;18:00:00;360;G;6.0;G
2018-07-02;06:00:00;360;G;4.0;G
2018-07-02;12:00:00;50;G;7.0;G
2018-07-02;18:00:00;360;G;1.0;G
2018-07-03;06:00:00;340;G;1.0;G
2018-07-03;12:00:00;360;G;6.0;G
2018-07-03;18:00:00;340;G;1.0;G
2018-07-04;06:00:00;360;G;5.0;G
2018-07-04;12:00:00;360;G;1.0;G
2018-07-04;18:00:00;200;G;1.0;G
2018-07-05;06:00:00;340;G;1.0;G
2018-07-05;12:00:00;360;G;2.0;G
2018-07-05;18:00:00;180;G;3.0;G
2018-07-06;06:00:00;320;G;2.0;G
2018-07-06;12:00:00;360;G;3.0;G
2018-07-06;18:00:00;50;G;2.0;G
2018-07-07;06:00:00;360;G;4.0;G
2018-07-07;12:00:00;340;G;3.0;G
2018-07-07;18:00:00;250;G;1.0;G
2018-07-08;06:00:00;340;G;3.0;G
2018-07-08;12:00:00;360;G;4.0;G
2018-07-08;18:00:00;140;G;2.0;G
2018-07-09;06:00:00;50;G;1.0;G
2018-07-09;12:00:00;70;G;1.0;G
2018-07-09;18:00:00;70;G;3.0;G
2018-07-10;06:00:00;360;G;1.0;G
2018-07-10;12:00:00;70;G;2.0;G
2018-07-10;18:00:00;90;G;1.0;G
2018-07-11;06:00:00;20;G;1.0;G
2018-07-11;12:00:00;90;G;2.0;G
2018-07-11;18:00:00;90;G;1.0;G
2018-07-12;06:00:00;0;G;0.0;G
2018-07-12;12:00:00;140;G;2.0;G
2018-07-12;18:00:00;110;G;2.0;G
2018-07-13;06:00:00;50;G;1.0;G
2018-07-13;12:00:00;360;G;1.0;G
2018-07-13;18:00:00;140;G;1.0;G
2018-07-14;06:00:00;0;G;0.0;G
2018-07-14;12:00:00;110;G;1.0;G
2018-07-14;18:00:00;110;G;1.0;G
2018-07-15;06:00:00;230;G;1.0;G
2018-07-15;12:00:00;200;G;2.0;G
2018-07-15;18:00:00;200;G;3.0;G
2018-07-16;06:00:00;250;Y;1.0;Y
2018-07-16;12:00:00;70;G;1.0;G
2018-07-16;18:00:00;70;G;1.0;G
2018-07-17;06:00:00;0;G;0.0;G
2018-07-17;12:00:00;70;G;3.0;G
2018-07-17;18:00:00;70;G;2.0;G
2018-07-18;06:00:00;50;G;3.0;G
2018-07-18;12:00:00;90;G;4.0;G
2018-07-18;18:00:00;90;G;1.0;G
2018-07-19;06:00:00;70;G;1.0;G
2018-07-19;12:00:00;70;G;2.0;G
2018-07-19;18:00:00;110;G;1.0;G
2018-07-20;06:00:00;90;G;1.0;G
2018-07-20;12:00:00;320;G;1.0;G
2018-07-20;18:00:00;140;G;1.0;G
2018-07-21;06:00:00;0;Y;1.0;Y
2018-07-21;12:00:00;270;G;1.0;G
2018-07-21;18:00:00;140;G;4.0;G
2018-07-22;06:00:00;270;G;3.0;G
2018-07-22;12:00:00;270;G;7.0;G
2018-07-22;18:00:00;270;G;3.0;G
2018-07-23;06:00:00;230;G;1.0;G
2018-07-23;12:00:00;250;G;2.0;G
2018-07-23;18:00:00;180;G;3.0;G
2018-07-24;06:00:00;180;G;1.0;G
2018-07-24;12:00:00;110;G;2.0;G
2018-07-24;18:00:00;160;G;3.0;G
2018-07-25;06:00:00;180;G;3.0;G
2018-07-25;12:00:00;0;G;0.0;G
2018-07-25;18:00:00;200;G;3.0;G
2018-07-26;06:00:00;230;G;2.0;G
2018-07-26;12:00:00;140;G;2.0;G
2018-07-26;18:00:00;160;G;1.0;G
2018-07-27;06:00:00;0;G;0.0;G
2018-07-27;12:00:00;70;G;2.0;G
2018-07-27;18:00:00;70;G;2.0;G
2018-07-28;06:00:00;50;G;2.0;G
2018-07-28;12:00:00;70;G;6.0;G
2018-07-28;18:00:00;0;G;0.0;G
2018-07-29;06:00:00;0;G;0.0;G
2018-07-29;12:00:00;50;G;5.0;G
2018-07-29;18:00:00;50;G;1.0;G
2018-07-30;06:00:00;180;G;1.0;G
2018-07-30;12:00:00;110;G;1.0;G
2018-07-30;18:00:00;110;G;2.0;G
2018-07-31;06:00:00;180;G;1.0;G
2018-07-31;12:00:00;110;G;2.0;G
2018-07-31;18:00:00;140;G;1.0;G
2018-08-01;06:00:00;160;G;1.0;G
2018-08-01;12:00:00;110;G;2.0;G
2018-08-01;18:00:00;160;G;1.0;G
2018-08-02;06:00:00;160;G;1.0;G
2018-08-02;12:00:00;180;G;1.0;G
2018-08-02;18:00:00;290;G;3.0;G
2018-08-03;06:00:00;250;G;2.0;G
2018-08-03;12:00:00;290;G;3.0;G
2018-08-03;18:00:00;250;G;2.0;G
2018-08-04;06:00:00;270;G;2.0;G
2018-08-04;12:00:00;270;G;2.0;G
2018-08-04;18:00:00;360;G;1.0;G
2018-08-05;06:00:00;0;G;0.0;G
2018-08-05;12:00:00;250;G;2.0;G
2018-08-05;18:00:00;340;G;1.0;G
2018-08-06;06:00:00;360;G;3.0;G
2018-08-06;12:00:00;270;G;4.0;G
2018-08-06;18:00:00;270;G;1.0;G
2018-08-07;06:00:00;270;G;1.0;G
2018-08-07;12:00:00;250;G;3.0;G
2018-08-07;18:00:00;230;G;2.0;G
2018-08-08;06:00:00;140;G;2.0;G
2018-08-08;12:00:00;270;G;3.0;G
2018-08-08;18:00:00;180;G;7.0;G
2018-08-09;06:00:00;180;G;1.0;G
2018-08-09;12:00:00;270;G;1.0;G
2018-08-09;18:00:00;180;G;2.0;G
2018-08-10;06:00:00;140;G;5.0;G
2018-08-10;12:00:00;180;G;4.0;G
2018-08-10;18:00:00;230;G;7.0;G
2018-08-11;06:00:00;250;G;4.0;G
2018-08-11;12:00:00;230;G;3.0;G
2018-08-11;18:00:00;200;G;3.0;G
2018-08-12;06:00:00;0;G;0.0;G
2018-08-12;12:00:00;0;G;0.0;G
2018-08-12;18:00:00;320;G;2.0;G
2018-08-13;06:00:00;290;G;1.0;G
2018-08-13;12:00:00;270;G;2.0;G
2018-08-13;18:00:00;270;G;1.0;G
2018-08-14;06:00:00;0;G;0.0;G
2018-08-14;12:00:00;140;G;1.0;G
2018-08-14;18:00:00;70;G;1.0;G
2018-08-15;06:00:00;360;G;1.0;G
2018-08-15;12:00:00;50;G;1.0;G
2018-08-15;18:00:00;160;G;2.0;G
2018-08-16;06:00:00;160;G;1.0;G
2018-08-16;12:00:00;180;G;4.0;G
2018-08-16;18:00:00;160;G;3.0;G
2018-08-17;06:00:00;180;G;4.0;G
2018-08-17;12:00:00;180;G;4.0;G
2018-08-17;18:00:00;160;G;1.0;G
2018-08-18;06:00:00;250;G;3.0;G
2018-08-18;12:00:00;250;G;4.0;G
2018-08-18;18:00:00;200;G;2.0;G
2018-08-19;06:00:00;270;G;3.0;G
2018-08-19;12:00:00;270;G;3.0;G
2018-08-19;18:00:00;270;G;2.0;G
2018-08-20;06:00:00;0;G;0.0;G
2018-08-20;12:00:00;320;G;1.0;G
2018-08-20;18:00:00;360;Y;5.0;Y
2018-08-21;06:00:00;320;G;2.0;G
2018-08-21;12:00:00;320;G;4.0;G
2018-08-21;18:00:00;320;G;2.0;G
2018-08-22;06:00:00;200;G;1.0;G
2018-08-22;12:00:00;230;G;6.0;G
2018-08-22;18:00:00;180;G;3.0;G
2018-08-23;06:00:00;230;G;4.0;G
2018-08-23;12:00:00;200;G;1.0;G
2018-08-23;18:00:00;160;Y;3.0;Y
2018-08-24;06:00:00;180;G;1.0;G
2018-08-24;12:00:00;200;G;3.0;G
2018-08-24;18:00:00;180;G;2.0;G
2018-08-25;06:00:00;180;G;2.0;G
2018-08-25;12:00:00;200;G;3.0;G
2018-08-25;18:00:00;200;G;1.0;G
2018-08-26;06:00:00;0;G;0.0;G
2018-08-26;12:00:00;270;G;2.0;G
2018-08-26;18:00:00;0;G;0.0;G
2018-08-27;06:00:00;230;G;1.0;G
2018-08-27;12:00:00;200;G;3.0;G
2018-08-27;18:00:00;180;G;2.0;G
2018-08-28;06:00:00;110;G;2.0;G
2018-08-28;12:00:00;110;G;2.0;G
2018-08-28;18:00:00;160;G;3.0;G
2018-08-29;06:00:00;0;G;0.0;G
2018-08-29;12:00:00;90;G;2.0;G
2018-08-29;18:00:00;110;G;2.0;G
2018-08-30;06:00:00;140;G;2.0;G
2018-08-30;12:00:00;180;G;1.0;G
2018-08-30;18:00:00;0;G;0.0;G
2018-08-31;06:00:00;20;G;1.0;G
2018-08-31;12:00:00;70;G;3.0;G
2018-08-31;18:00:00;50;G;1.0;G
2018-09-01;06:00:00;360;G;3.0;G
2018-09-01;12:00:00;360;G;2.0;G
2018-09-01;18:00:00;340;G;2.0;G
2018-09-02;06:00:00;360;G;1.0;G
2018-09-02;12:00:00;250;G;4.0;G
2018-09-02;18:00:00;270;G;1.0;G
2018-09-03;06:00:00;0;G;0.0;G
2018-09-03;12:00:00;200;G;1.0;G
2018-09-03;18:00:00;160;G;2.0;G
2018-09-04;06:00:00;0;G;0.0;G
2018-09-04;12:00:00;180;G;1.0;G
2018-09-04;18:00:00;0;G;0.0;G
2018-09-05;06:00:00;0;G;0.0;G
2018-09-05;12:00:00;0;G;0.0;G
2018-09-05;18:00:00;160;G;1.0;G
2018-09-06;06:00:00;0;G;0.0;G
2018-09-06;12:00:00;50;G;1.0;G
2018-09-06;18:00:00;0;G;0.0;G
2018-09-07;06:00:00;360;G;2.0;G
2018-09-07;12:00:00;50;G;1.0;G
2018-09-07;18:00:00;70;G;3.0;G
2018-09-08;06:00:00;90;Y;1.0;Y
2018-09-08;12:00:00;180;G;4.0;G
2018-09-08;18:00:00;180;G;1.0;G
2018-09-09;06:00:00;0;G;0.0;G
2018-09-09;12:00:00;180;G;1.0;G
2018-09-09;18:00:00;180;G;1.0;G
2018-09-10;06:00:00;160;G;3.0;G
2018-09-10;12:00:00;160;G;6.0;G
2018-09-10;18:00:00;200;G;3.0;G
2018-09-11;06:00:00;180;G;2.0;G
2018-09-11;12:00:00;160;G;5.0;G
2018-09-11;18:00:00;180;G;4.0;G
2018-09-12;06:00:00;230;G;7.0;G
2018-09-12;12:00:00;250;G;8.0;G
2018-09-12;18:00:00;250;G;6.0;G
2018-09-13;06:00:00;250;G;5.0;G
2018-09-13;12:00:00;230;G;5.0;G
2018-09-13;18:00:00;250;G;2.0;G
2018-09-14;06:00:00;230;G;2.0;G
2018-09-14;12:00:00;230;G;6.0;G
2018-09-14;18:00:00;230;G;2.0;G
2018-09-15;06:00:00;200;G;3.0;G
2018-09-15;12:00:00;270;G;4.0;G
2018-09-15;18:00:00;270;G;2.0;G
2018-09-16;06:00:00;230;G;3.0;G
2018-09-16;12:00:00;230;G;7.0;G
2018-09-16;18:00:00;230;G;4.0;G
2018-09-17;06:00:00;230;G;5.0;G
2018-09-17;12:00:00;270;G;4.0;G
2018-09-17;18:00:00;230;G;1.0;G
2018-09-18;06:00:00;230;G;1.0;G
2018-09-18;12:00:00;230;G;3.0;G
2018-09-18;18:00:00;230;G;2.0;G
2018-09-19;06:00:00;230;G;3.0;G
2018-09-19;12:00:00;230;G;7.0;G
2018-09-19;18:00:00;200;G;1.0;G
2018-09-20;06:00:00;200;G;2.0;G
2018-09-20;12:00:00;200;G;8.0;G
2018-09-20;18:00:00;250;G;6.0;G
2018-09-21;06:00:00;180;G;3.0;G
2018-09-21;12:00:00;160;G;6.0;G
2018-09-21;18:00:00;200;G;1.0;G
2018-09-22;06:00:00;230;G;4.0;G
2018-09-22;12:00:00;250;G;8.0;G
2018-09-22;18:00:00;250;G;5.0;G
2018-09-23;06:00:00;250;G;6.0;G
2018-09-23;12:00:00;270;G;5.0;G
2018-09-23;18:00:00;340;G;1.0;G
2018-09-24;06:00:00;320;G;4.0;G
2018-09-24;12:00:00;320;G;7.0;G
2018-09-24;18:00:00;290;G;4.0;G
2018-09-25;06:00:00;290;G;3.0;G
2018-09-25;12:00:00;290;G;3.0;G
2018-09-25;18:00:00;250;G;3.0;G
2018-09-26;06:00:00;230;G;3.0;G
2018-09-26;12:00:00;250;Y;4.0;G
2018-09-26;18:00:00;250;G;2.0;G
2018-09-27;06:00:00;270;G;3.0;G
2018-09-27;12:00:00;270;G;2.0;G
2018-09-27;18:00:00;90;G;1.0;G
2018-09-28;06:00:00;290;G;4.0;G
2018-09-28;12:00:00;290;G;4.0;G
2018-09-28;18:00:00;340;G;3.0;G
2018-09-29;06:00:00;250;G;1.0;G
2018-09-29;12:00:00;230;G;2.0;G
2018-09-29;18:00:00;230;G;7.0;G
2018-09-30;06:00:00;250;G;6.0;G
2018-09-30;12:00:00;250;G;7.0;G
2018-09-30;18:00:00;230;G;3.0;G
2018-10-01;06:00:00;230;G;2.0;G
2018-10-01;12:00:00;270;G;3.0;G
2018-10-01;18:00:00;0;G;0.0;G
2018-10-02;06:00:00;0;G;0.0;G
2018-10-02;12:00:00;180;G;2.0;G
2018-10-02;18:00:00;140;G;1.0;G
2018-10-03;06:00:00;360;G;5.0;G
2018-10-03;12:00:00;340;G;6.0;G
2018-10-03;18:00:00;0;G;0.0;G
2018-10-04;06:00:00;320;G;1.0;G
2018-10-04;12:00:00;290;G;4.0;G
2018-10-04;18:00:00;180;G;2.0;G
2018-10-05;06:00:00;250;G;5.0;G
2018-10-05;12:00:00;270;G;6.0;G
2018-10-05;18:00:00;250;G;3.0;G
2018-10-06;06:00:00;250;G;1.0;G
2018-10-06;12:00:00;250;G;2.0;G
2018-10-06;18:00:00;270;G;1.0;G
2018-10-07;06:00:00;360;G;2.0;G
2018-10-07;12:00:00;340;G;1.0;G
2018-10-07;18:00:00;320;G;1.0;G
2018-10-08;06:00:00;180;G;2.0;G
2018-10-08;12:00:00;180;G;6.0;G
2018-10-08;18:00:00;200;G;3.0;G
2018-10-09;06:00:00;200;G;3.0;G
2018-10-09;12:00:00;250;G;7.0;G
2018-10-09;18:00:00;250;G;6.0;G
2018-10-10;06:00:00;270;G;3.0;G
2018-10-10;12:00:00;270;G;2.0;G
2018-10-10;18:00:00;250;G;1.0;G
2018-10-11;06:00:00;180;G;2.0;G
2018-10-11;12:00:00;160;G;2.0;G
2018-10-11;18:00:00;110;G;1.0;G
2018-10-12;06:00:00;140;G;4.0;G
2018-10-12;12:00:00;140;G;3.0;G
2018-10-12;18:00:00;140;G;3.0;G
2018-10-13;06:00:00;180;G;3.0;G
2018-10-13;12:00:00;180;G;4.0;G
2018-10-13;18:00:00;180;G;3.0;G
2018-10-14;06:00:00;180;G;2.0;G
2018-10-14;12:00:00;180;G;6.0;G
2018-10-14;18:00:00;140;G;3.0;G
2018-10-15;06:00:00;180;G;3.0;G
2018-10-15;12:00:00;0;G;0.0;G
2018-10-15;18:00:00;180;G;3.0;G
2018-10-16;06:00:00;0;G;0.0;G
2018-10-16;12:00:00;20;G;1.0;G
2018-10-16;18:00:00;110;G;3.0;G
2018-10-17;06:00:00;0;G;0.0;G
2018-10-17;12:00:00;230;G;2.0;G
2018-10-17;18:00:00;180;G;2.0;G
2018-10-18;06:00:00;250;G;1.0;G
2018-10-18;12:00:00;180;G;5.0;G
2018-10-18;18:00:00;0;G;0.0;G
2018-10-19;06:00:00;0;Y;0.0;Y
2018-10-19;12:00:00;0;G;0.0;G
2018-10-19;18:00:00;0;G;0.0;G
2018-10-20;06:00:00;180;G;2.0;G
2018-10-20;12:00:00;270;Y;1.0;Y
2018-10-20;18:00:00;270;G;1.0;G
2018-10-21;06:00:00;200;G;2.0;G
2018-10-21;12:00:00;230;G;5.0;G
2018-10-21;18:00:00;200;G;3.0;G
2018-10-22;06:00:00;270;G;4.0;G
2018-10-22;12:00:00;270;G;7.0;G
2018-10-22;18:00:00;270;G;4.0;G
2018-10-23;06:00:00;200;G;2.0;G
2018-10-23;12:00:00;320;G;4.0;G
2018-10-23;18:00:00;320;G;6.0;G
2018-10-24;06:00:00;320;G;7.0;G
2018-10-24;12:00:00;320;G;5.0;G
2018-10-24;18:00:00;290;G;3.0;G
2018-10-25;06:00:00;250;G;2.0;G
2018-10-25;12:00:00;340;G;3.0;G
2018-10-25;18:00:00;290;G;3.0;G
2018-10-26;06:00:00;290;G;1.0;G
2018-10-26;12:00:00;360;G;2.0;G
2018-10-26;18:00:00;360;G;4.0;G
2018-10-27;06:00:00;20;G;7.0;G
2018-10-27;12:00:00;20;G;9.0;G
2018-10-27;18:00:00;360;G;6.0;G
2018-10-28;06:00:00;360;G;3.0;G
2018-10-28;12:00:00;360;G;4.0;G
2018-10-28;18:00:00;360;G;4.0;G
2018-10-29;06:00:00;50;G;2.0;G
2018-10-29;12:00:00;90;G;6.0;G
2018-10-29;18:00:00;70;G;7.0;G
2018-10-30;06:00:00;90;G;4.0;G
2018-10-30;12:00:00;110;G;4.0;G
2018-10-30;18:00:00;110;G;3.0;G
2018-10-31;06:00:00;160;G;3.0;G
2018-10-31;12:00:00;200;G;4.0;G
2018-10-31;18:00:00;200;G;4.0;G
2018-11-01;06:00:00;200;G;1.0;G
2018-11-01;12:00:00;140;G;2.0;G
2018-11-01;18:00:00;90;G;3.0;G
2018-11-02;06:00:00;160;G;4.0;G
2018-11-02;12:00:00;200;G;5.0;G
2018-11-02;18:00:00;200;G;4.0;G
2018-11-03;06:00:00;270;G;4.0;G
2018-11-03;12:00:00;270;G;6.0;G
2018-11-03;18:00:00;250;G;3.0;G
2018-11-04;06:00:00;200;G;2.0;G
2018-11-04;12:00:00;250;G;3.0;G
2018-11-04;18:00:00;180;G;2.0;G
2018-11-05;06:00:00;140;G;2.0;G
2018-11-05;12:00:00;140;G;2.0;G
2018-11-05;18:00:00;140;G;2.0;G
2018-11-06;06:00:00;140;G;2.0;G
2018-11-06;12:00:00;160;G;4.0;G
2018-11-06;18:00:00;160;G;3.0;G
2018-11-07;06:00:00;160;G;1.0;G
2018-11-07;12:00:00;0;G;0.0;G
2018-11-07;18:00:00;110;G;1.0;G
2018-11-08;06:00:00;160;G;1.0;G
2018-11-08;12:00:00;0;G;0.0;G
2018-11-08;18:00:00;0;G;0.0;G
2018-11-09;06:00:00;0;G;0.0;G
2018-11-09;12:00:00;140;G;1.0;G
2018-11-09;18:00:00;90;G;1.0;G
2018-11-10;06:00:00;90;G;2.0;G
2018-11-10;12:00:00;110;G;2.0;G
2018-11-10;18:00:00;110;G;3.0;G
2018-11-11;06:00:00;110;G;3.0;G
2018-11-11;12:00:00;140;Y;4.0;Y
2018-11-11;18:00:00;160;G;4.0;G
2018-11-12;06:00:00;160;G;4.0;G
2018-11-12;12:00:00;180;G;3.0;G
2018-11-12;18:00:00;180;G;2.0;G
2018-11-13;06:00:00;270;G;1.0;G
2018-11-13;12:00:00;250;G;2.0;G
2018-11-13;18:00:00;230;G;1.0;G
2018-11-14;06:00:00;230;G;3.0;G
2018-11-14;12:00:00;270;G;2.0;G
2018-11-14;18:00:00;250;G;2.0;G
2018-11-15;06:00:00;230;G;1.0;G
2018-11-15;12:00:00;230;G;4.0;G
2018-11-15;18:00:00;230;G;1.0;G
2018-11-16;06:00:00;230;G;2.0;G
2018-11-16;12:00:00;230;G;1.0;G
2018-11-16;18:00:00;230;G;1.0;G
2018-11-17;06:00:00;270;G;1.0;G
2018-11-17;12:00:00;270;G;4.0;G
2018-11-17;18:00:00;270;G;1.0;G
2018-11-18;06:00:00;360;G;5.0;G
2018-11-18;12:00:00;360;G;4.0;G
2018-11-18;18:00:00;360;G;4.0;G
2018-11-19;06:00:00;20;G;4.0;G
2018-11-19;12:00:00;50;G;3.0;G
2018-11-19;18:00:00;20;G;2.0;G
2018-11-20;06:00:00;360;G;1.0;G
2018-11-20;12:00:00;360;G;2.0;G
2018-11-20;18:00:00;360;G;2.0;G
2018-11-21;06:00:00;360;G;3.0;G
2018-11-21;12:00:00;360;G;2.0;G
2018-11-21;18:00:00;360;G;1.0;G
2018-11-22;06:00:00;270;G;3.0;G
2018-11-22;12:00:00;290;G;3.0;G
2018-11-22;18:00:00;290;G;2.0;G
2018-11-23;06:00:00;270;G;2.0;G
2018-11-23;12:00:00;250;G;3.0;G
2018-11-23;18:00:00;290;Y;3.0;Y
2018-11-24;06:00:00;290;G;2.0;G
2018-11-24;12:00:00;320;G;2.0;G
2018-11-24;18:00:00;340;G;2.0;G
2018-11-25;06:00:00;360;G;2.0;G
2018-11-25;12:00:00;320;G;2.0;G
2018-11-25;18:00:00;290;G;2.0;G
2018-11-26;06:00:00;290;G;4.0;G
2018-11-26;12:00:00;290;G;3.0;G
2018-11-26;18:00:00;320;G;2.0;G
2018-11-27;06:00:00;320;G;2.0;G
2018-11-27;12:00:00;320;G;4.0;G
2018-11-27;18:00:00;340;G;4.0;G
2018-11-28;06:00:00;320;G;1.0;G
2018-11-28;12:00:00;270;G;1.0;G
2018-11-28;18:00:00;180;G;2.0;G
2018-11-29;06:00:00;180;G;9.0;G
2018-11-29;12:00:00;180;G;4.0;G
2018-11-30;06:00:00;180;G;9.0;G
2018-11-30;12:00:00;180;G;6.0;G
2018-11-30;18:00:00;180;G;8.0;G
2018-12-01;06:00:00;160;G;6.0;G
2018-12-01;12:00:00;180;G;6.0;G
2018-12-01;18:00:00;160;G;2.0;G
2018-12-02;06:00:00;200;G;1.0;G
2018-12-02;12:00:00;160;G;2.0;G
2018-12-02;18:00:00;160;G;2.0;G
2018-12-03;06:00:00;160;G;4.0;G
2018-12-03;12:00:00;160;G;2.0;G
2018-12-03;18:00:00;160;G;2.0;G
2018-12-04;06:00:00;230;G;2.0;G
2018-12-04;12:00:00;200;G;2.0;G
2018-12-04;18:00:00;270;G;4.0;G
2018-12-05;06:00:00;290;G;4.0;G
2018-12-05;12:00:00;290;G;4.0;G
2018-12-05;18:00:00;250;G;3.0;G
2018-12-06;06:00:00;230;G;2.0;G
2018-12-06;12:00:00;200;G;1.0;G
2018-12-06;18:00:00;160;G;2.0;G
2018-12-07;06:00:00;140;G;4.0;G
2018-12-07;12:00:00;140;G;2.0;G
2018-12-07;18:00:00;140;G;1.0;G
2018-12-08;06:00:00;140;G;1.0;G
2018-12-08;12:00:00;140;G;1.0;G
2018-12-08;18:00:00;140;G;1.0;G
2018-12-09;06:00:00;180;G;1.0;G
2018-12-09;12:00:00;230;G;3.0;G
2018-12-09;18:00:00;230;G;3.0;G
2018-12-10;06:00:00;290;G;3.0;G
2018-12-10;12:00:00;290;G;1.0;G
2018-12-10;18:00:00;290;G;2.0;G
2018-12-11;06:00:00;50;G;4.0;G
2018-12-11;12:00:00;360;G;5.0;G
2018-12-11;18:00:00;360;G;4.0;G
2018-12-12;06:00:00;340;G;5.0;G
2018-12-12;12:00:00;20;G;2.0;G
2018-12-13;06:00:00;360;G;3.0;G
2018-12-13;12:00:00;50;G;3.0;G
2018-12-13;18:00:00;20;G;3.0;G
2018-12-14;06:00:00;360;G;4.0;G
2018-12-14;12:00:00;20;G;3.0;G
2018-12-14;18:00:00;360;G;1.0;G
2018-12-15;06:00:00;360;G;3.0;G
2018-12-15;12:00:00;0;G;0.0;G
2018-12-15;18:00:00;20;G;1.0;G
2018-12-16;06:00:00;90;G;2.0;G
2018-12-16;12:00:00;90;G;1.0;G
2018-12-16;18:00:00;90;G;1.0;G
2018-12-17;06:00:00;0;G;0.0;G
2018-12-17;12:00:00;250;G;2.0;G
2018-12-17;18:00:00;200;G;1.0;G
2018-12-18;06:00:00;0;G;0.0;G
2018-12-18;12:00:00;250;G;2.0;G
2018-12-18;18:00:00;250;G;2.0;G
2018-12-19;06:00:00;0;G;0.0;G
2018-12-19;12:00:00;110;G;2.0;G
2018-12-19;18:00:00;90;G;2.0;G
2018-12-20;06:00:00;110;G;5.0;G
2018-12-20;12:00:00;110;G;4.0;G
2018-12-20;18:00:00;110;G;5.0;G
2018-12-21;06:00:00;70;G;5.0;G
2018-12-21;12:00:00;70;G;3.0;G
2018-12-21;18:00:00;50;G;3.0;G
2018-12-22;06:00:00;20;G;3.0;G
2018-12-22;12:00:00;360;G;4.0;G
2018-12-22;18:00:00;340;G;2.0;G
2018-12-23;06:00:00;320;G;3.0;G
2018-12-23;12:00:00;320;G;3.0;G
2018-12-23;18:00:00;320;G;3.0;G
2018-12-24;06:00:00;320;G;3.0;G
2018-12-24;12:00:00;270;G;2.0;G
2018-12-25;06:00:00;250;G;3.0;G
2018-12-25;12:00:00;270;G;3.0;G
2018-12-25;18:00:00;270;G;5.0;G
2018-12-26;06:00:00;320;G;5.0;G
2018-12-26;12:00:00;290;G;3.0;G
2018-12-26;18:00:00;270;G;3.0;G
2018-12-27;06:00:00;250;G;1.0;G
2018-12-27;12:00:00;250;G;2.0;G
2018-12-27;18:00:00;250;G;1.0;G
2018-12-28;06:00:00;270;G;2.0;G
2018-12-28;12:00:00;270;G;2.0;G
2018-12-28;18:00:00;270;G;1.0;G
2018-12-29;12:00:00;270;G;3.0;G
2018-12-29;18:00:00;290;G;1.0;G
2018-12-30;06:00:00;290;G;1.0;G
2018-12-30;12:00:00;290;G;2.0;G
2018-12-30;18:00:00;360;G;4.0;G
2018-12-31;06:00:00;0;G;0.0;G
2018-12-31;12:00:00;200;G;4.0;G
2018-12-31;18:00:00;230;G;4.0;G
